company,event_date,date_precision,event,event_ko,source_url
sephora_korea,2019-10-01,month,"First Korean store opens at Parnas Mall, Samseong-dong, Seoul",서울 삼성동 파르나스몰에 국내 1호점 개점,https://www.ddaily.co.kr/page/view/2024031918063667376
sephora_korea,2021-12-01,month,Myeongdong and Garosu-gil stores close,명동·가로수길 매장 폐점,https://www.seoulfn.com/news/articleView.html?idxno=492404
sephora_korea,2023-03-01,month,Yeouido IFC Mall store closes; company announces a localized 'Korean-style Sephora' push,"여의도 IFC몰 매장 폐점, '한국형 세포라' 현지화 전략 발표",https://www.seoulfn.com/news/articleView.html?idxno=492404
sephora_korea,2024-03-19,day,Sephora announces exit from the Korean market,한국 시장 철수 발표,https://www.ddaily.co.kr/page/view/2024031918063667376
sephora_korea,2024-05-06,day,"Phased shutdown of online mall, app and stores begins",온라인몰·앱·오프라인 매장 단계적 영업 종료 시작,https://www.ddaily.co.kr/page/view/2024031918063667376
cj_olive_young,2016-01-01,year,Annual revenue passes ₩1 trillion,연매출 1조 원 돌파,https://www.ajunews.com/view/20250311175724818
cj_olive_young,2021-01-01,year,Annual revenue passes ₩2 trillion,연매출 2조 원 돌파,https://www.ajunews.com/view/20250311175724818
cj_olive_young,2024-01-01,year,"Foreign-customer sales up 140% on 2023; 1,264 of 1,371 stores served foreign customers","외국인 매출 전년 대비 140% 증가, 매장 1,371곳 중 1,264곳에서 외국인 구매",https://www.ajunews.com/view/20250311175724818
cj_olive_young,2025-11-01,month,"Foreign-customer purchases reach ₩1 trillion (Jan–Nov 2025), about 28% of offline sales","외국인 구매액 1조 원 달성(2025년 1~11월), 오프라인 매출의 약 28%",https://view.asiae.co.kr/article/2026031819573051762
cj_olive_young,2026-03-18,day,Reports record 2025 revenue; plans US offline expansion,"2025년 사상 최대 매출 발표, 미국 오프라인 진출 계획",https://view.asiae.co.kr/article/2026031819573051762
