participant_id,task,query_id,candidate_product_id,relevance,judged_at
SYN01,similar,P001,P013,1,2026-09-30
SYN01,would_buy,P001,P013,1,2026-09-30
SYN01,similar,P001,P009,0,2026-09-30
SYN01,would_buy,P001,P009,0,2026-09-30
SYN01,similar,P001,P007,3,2026-09-30
SYN01,would_buy,P001,P007,3,2026-09-30
SYN01,similar,P001,P006,3,2026-09-30
SYN01,would_buy,P001,P006,3,2026-09-30
SYN01,similar,P001,P014,1,2026-09-30
SYN01,would_buy,P001,P014,1,2026-09-30
SYN01,similar,P001,P008,3,2026-09-30
SYN01,would_buy,P001,P008,2,2026-09-30
SYN01,similar,P001,P010,1,2026-09-30
SYN01,would_buy,P001,P010,1,2026-09-30
SYN01,similar,P001,P003,2,2026-09-30
SYN01,would_buy,P001,P003,2,2026-09-30
SYN01,similar,P001,P002,3,2026-09-30
SYN01,would_buy,P001,P002,2,2026-09-30
SYN02,similar,P001,P013,0,2026-09-30
SYN02,would_buy,P001,P013,1,2026-09-30
SYN02,similar,P001,P009,0,2026-09-30
SYN02,would_buy,P001,P009,0,2026-09-30
SYN02,similar,P001,P007,3,2026-09-30
SYN02,would_buy,P001,P007,2,2026-09-30
SYN02,similar,P001,P006,2,2026-09-30
SYN02,would_buy,P001,P006,3,2026-09-30
SYN02,similar,P001,P014,0,2026-09-30
SYN02,would_buy,P001,P014,0,2026-09-30
SYN02,similar,P001,P008,2,2026-09-30
SYN02,would_buy,P001,P008,2,2026-09-30
SYN02,similar,P001,P010,0,2026-09-30
SYN02,would_buy,P001,P010,1,2026-09-30
SYN02,similar,P001,P003,1,2026-09-30
SYN02,would_buy,P001,P003,2,2026-09-30
SYN02,similar,P001,P002,2,2026-09-30
SYN02,would_buy,P001,P002,2,2026-09-30
SYN03,similar,P001,P013,1,2026-09-30
SYN03,would_buy,P001,P013,2,2026-09-30
SYN03,similar,P001,P009,0,2026-09-30
SYN03,would_buy,P001,P009,0,2026-09-30
SYN03,similar,P001,P007,2,2026-09-30
SYN03,would_buy,P001,P007,2,2026-09-30
SYN03,similar,P001,P006,1,2026-09-30
SYN03,would_buy,P001,P006,3,2026-09-30
SYN03,similar,P001,P014,1,2026-09-30
SYN03,would_buy,P001,P014,1,2026-09-30
SYN03,similar,P001,P008,3,2026-09-30
SYN03,would_buy,P001,P008,3,2026-09-30
SYN03,similar,P001,P010,2,2026-09-30
SYN03,would_buy,P001,P010,1,2026-09-30
SYN03,similar,P001,P003,2,2026-09-30
SYN03,would_buy,P001,P003,2,2026-09-30
SYN03,similar,P001,P002,2,2026-09-30
SYN03,would_buy,P001,P002,2,2026-09-30
SYN04,similar,P001,P013,1,2026-09-30
SYN04,would_buy,P001,P013,0,2026-09-30
SYN04,similar,P001,P009,0,2026-09-30
SYN04,would_buy,P001,P009,0,2026-09-30
SYN04,similar,P001,P007,3,2026-09-30
SYN04,would_buy,P001,P007,2,2026-09-30
SYN04,similar,P001,P006,3,2026-09-30
SYN04,would_buy,P001,P006,3,2026-09-30
SYN04,similar,P001,P014,0,2026-09-30
SYN04,would_buy,P001,P014,1,2026-09-30
SYN04,similar,P001,P008,3,2026-09-30
SYN04,would_buy,P001,P008,2,2026-09-30
SYN04,similar,P001,P010,1,2026-09-30
SYN04,would_buy,P001,P010,1,2026-09-30
SYN04,similar,P001,P003,1,2026-09-30
SYN04,would_buy,P001,P003,2,2026-09-30
SYN04,similar,P001,P002,3,2026-09-30
SYN04,would_buy,P001,P002,2,2026-09-30
SYN05,similar,P001,P013,1,2026-09-30
SYN05,would_buy,P001,P013,1,2026-09-30
SYN05,similar,P001,P009,0,2026-09-30
SYN05,would_buy,P001,P009,0,2026-09-30
SYN05,similar,P001,P007,3,2026-09-30
SYN05,would_buy,P001,P007,2,2026-09-30
SYN05,similar,P001,P006,2,2026-09-30
SYN05,would_buy,P001,P006,2,2026-09-30
SYN05,similar,P001,P014,1,2026-09-30
SYN05,would_buy,P001,P014,1,2026-09-30
SYN05,similar,P001,P008,3,2026-09-30
SYN05,would_buy,P001,P008,3,2026-09-30
SYN05,similar,P001,P010,1,2026-09-30
SYN05,would_buy,P001,P010,2,2026-09-30
SYN05,similar,P001,P003,1,2026-09-30
SYN05,would_buy,P001,P003,2,2026-09-30
SYN05,similar,P001,P002,2,2026-09-30
SYN05,would_buy,P001,P002,0,2026-09-30
SYN06,similar,P001,P013,0,2026-09-30
SYN06,would_buy,P001,P013,0,2026-09-30
SYN06,similar,P001,P009,0,2026-09-30
SYN06,would_buy,P001,P009,0,2026-09-30
SYN06,similar,P001,P007,3,2026-09-30
SYN06,would_buy,P001,P007,3,2026-09-30
SYN06,similar,P001,P006,3,2026-09-30
SYN06,would_buy,P001,P006,3,2026-09-30
SYN06,similar,P001,P014,0,2026-09-30
SYN06,would_buy,P001,P014,1,2026-09-30
SYN06,similar,P001,P008,3,2026-09-30
SYN06,would_buy,P001,P008,3,2026-09-30
SYN06,similar,P001,P010,1,2026-09-30
SYN06,would_buy,P001,P010,1,2026-09-30
SYN06,similar,P001,P003,3,2026-09-30
SYN06,would_buy,P001,P003,2,2026-09-30
SYN06,similar,P001,P002,3,2026-09-30
SYN06,would_buy,P001,P002,2,2026-09-30
SYN01,similar,P009,P013,2,2026-09-30
SYN01,would_buy,P009,P013,1,2026-09-30
SYN01,similar,P009,P005,1,2026-09-30
SYN01,would_buy,P009,P005,1,2026-09-30
SYN01,similar,P009,P010,1,2026-09-30
SYN01,would_buy,P009,P010,1,2026-09-30
SYN01,similar,P009,P014,3,2026-09-30
SYN01,would_buy,P009,P014,2,2026-09-30
SYN01,similar,P009,P001,0,2026-09-30
SYN01,would_buy,P009,P001,1,2026-09-30
SYN01,similar,P009,P017,3,2026-09-30
SYN01,would_buy,P009,P017,2,2026-09-30
SYN01,similar,P009,P012,2,2026-09-30
SYN01,would_buy,P009,P012,2,2026-09-30
SYN01,similar,P009,P020,2,2026-09-30
SYN01,would_buy,P009,P020,2,2026-09-30
SYN01,similar,P009,P016,0,2026-09-30
SYN01,would_buy,P009,P016,2,2026-09-30
SYN01,similar,P009,P019,1,2026-09-30
SYN01,would_buy,P009,P019,0,2026-09-30
SYN02,similar,P009,P013,1,2026-09-30
SYN02,would_buy,P009,P013,1,2026-09-30
SYN02,similar,P009,P005,1,2026-09-30
SYN02,would_buy,P009,P005,1,2026-09-30
SYN02,similar,P009,P010,1,2026-09-30
SYN02,would_buy,P009,P010,1,2026-09-30
SYN02,similar,P009,P014,2,2026-09-30
SYN02,would_buy,P009,P014,2,2026-09-30
SYN02,similar,P009,P001,1,2026-09-30
SYN02,would_buy,P009,P001,0,2026-09-30
SYN02,similar,P009,P017,1,2026-09-30
SYN02,would_buy,P009,P017,1,2026-09-30
SYN02,similar,P009,P012,2,2026-09-30
SYN02,would_buy,P009,P012,2,2026-09-30
SYN02,similar,P009,P020,0,2026-09-30
SYN02,would_buy,P009,P020,1,2026-09-30
SYN02,similar,P009,P016,1,2026-09-30
SYN02,would_buy,P009,P016,1,2026-09-30
SYN02,similar,P009,P019,0,2026-09-30
SYN02,would_buy,P009,P019,2,2026-09-30
SYN03,similar,P009,P013,2,2026-09-30
SYN03,would_buy,P009,P013,2,2026-09-30
SYN03,similar,P009,P005,0,2026-09-30
SYN03,would_buy,P009,P005,1,2026-09-30
SYN03,similar,P009,P010,1,2026-09-30
SYN03,would_buy,P009,P010,1,2026-09-30
SYN03,similar,P009,P014,3,2026-09-30
SYN03,would_buy,P009,P014,0,2026-09-30
SYN03,similar,P009,P001,0,2026-09-30
SYN03,would_buy,P009,P001,0,2026-09-30
SYN03,similar,P009,P017,2,2026-09-30
SYN03,would_buy,P009,P017,1,2026-09-30
SYN03,similar,P009,P012,3,2026-09-30
SYN03,would_buy,P009,P012,3,2026-09-30
SYN03,similar,P009,P020,2,2026-09-30
SYN03,would_buy,P009,P020,2,2026-09-30
SYN03,similar,P009,P016,1,2026-09-30
SYN03,would_buy,P009,P016,2,2026-09-30
SYN03,similar,P009,P019,0,2026-09-30
SYN03,would_buy,P009,P019,2,2026-09-30
SYN04,similar,P009,P013,2,2026-09-30
SYN04,would_buy,P009,P013,1,2026-09-30
SYN04,similar,P009,P005,3,2026-09-30
SYN04,would_buy,P009,P005,0,2026-09-30
SYN04,similar,P009,P010,2,2026-09-30
SYN04,would_buy,P009,P010,1,2026-09-30
SYN04,similar,P009,P014,2,2026-09-30
SYN04,would_buy,P009,P014,2,2026-09-30
SYN04,similar,P009,P001,0,2026-09-30
SYN04,would_buy,P009,P001,1,2026-09-30
SYN04,similar,P009,P017,1,2026-09-30
SYN04,would_buy,P009,P017,1,2026-09-30
SYN04,similar,P009,P012,3,2026-09-30
SYN04,would_buy,P009,P012,2,2026-09-30
SYN04,similar,P009,P020,1,2026-09-30
SYN04,would_buy,P009,P020,1,2026-09-30
SYN04,similar,P009,P016,1,2026-09-30
SYN04,would_buy,P009,P016,2,2026-09-30
SYN04,similar,P009,P019,1,2026-09-30
SYN04,would_buy,P009,P019,1,2026-09-30
SYN05,similar,P009,P013,2,2026-09-30
SYN05,would_buy,P009,P013,1,2026-09-30
SYN05,similar,P009,P005,2,2026-09-30
SYN05,would_buy,P009,P005,2,2026-09-30
SYN05,similar,P009,P010,0,2026-09-30
SYN05,would_buy,P009,P010,2,2026-09-30
SYN05,similar,P009,P014,3,2026-09-30
SYN05,would_buy,P009,P014,2,2026-09-30
SYN05,similar,P009,P001,0,2026-09-30
SYN05,would_buy,P009,P001,1,2026-09-30
SYN05,similar,P009,P017,1,2026-09-30
SYN05,would_buy,P009,P017,1,2026-09-30
SYN05,similar,P009,P012,3,2026-09-30
SYN05,would_buy,P009,P012,3,2026-09-30
SYN05,similar,P009,P020,3,2026-09-30
SYN05,would_buy,P009,P020,1,2026-09-30
SYN05,similar,P009,P016,1,2026-09-30
SYN05,would_buy,P009,P016,2,2026-09-30
SYN05,similar,P009,P019,1,2026-09-30
SYN05,would_buy,P009,P019,1,2026-09-30
SYN06,similar,P009,P013,1,2026-09-30
SYN06,would_buy,P009,P013,2,2026-09-30
SYN06,similar,P009,P005,1,2026-09-30
SYN06,would_buy,P009,P005,1,2026-09-30
SYN06,similar,P009,P010,2,2026-09-30
SYN06,would_buy,P009,P010,1,2026-09-30
SYN06,similar,P009,P014,1,2026-09-30
SYN06,would_buy,P009,P014,2,2026-09-30
SYN06,similar,P009,P001,0,2026-09-30
SYN06,would_buy,P009,P001,1,2026-09-30
SYN06,similar,P009,P017,2,2026-09-30
SYN06,would_buy,P009,P017,1,2026-09-30
SYN06,similar,P009,P012,3,2026-09-30
SYN06,would_buy,P009,P012,3,2026-09-30
SYN06,similar,P009,P020,2,2026-09-30
SYN06,would_buy,P009,P020,2,2026-09-30
SYN06,similar,P009,P016,0,2026-09-30
SYN06,would_buy,P009,P016,2,2026-09-30
SYN06,similar,P009,P019,1,2026-09-30
SYN06,would_buy,P009,P019,2,2026-09-30
SYN01,similar,P011,P010,3,2026-09-30
SYN01,would_buy,P011,P010,3,2026-09-30
SYN01,similar,P011,P016,2,2026-09-30
SYN01,would_buy,P011,P016,3,2026-09-30
SYN01,similar,P011,P012,1,2026-09-30
SYN01,would_buy,P011,P012,1,2026-09-30
SYN01,similar,P011,P014,1,2026-09-30
SYN01,would_buy,P011,P014,2,2026-09-30
SYN01,similar,P011,P002,1,2026-09-30
SYN01,would_buy,P011,P002,1,2026-09-30
SYN01,similar,P011,P007,1,2026-09-30
SYN01,would_buy,P011,P007,1,2026-09-30
SYN01,similar,P011,P013,3,2026-09-30
SYN01,would_buy,P011,P013,2,2026-09-30
SYN01,similar,P011,P001,3,2026-09-30
SYN01,would_buy,P011,P001,2,2026-09-30
SYN01,similar,P011,P017,0,2026-09-30
SYN01,would_buy,P011,P017,1,2026-09-30
SYN01,similar,P011,P018,2,2026-09-30
SYN01,would_buy,P011,P018,2,2026-09-30
SYN01,similar,P011,P019,1,2026-09-30
SYN01,would_buy,P011,P019,2,2026-09-30
SYN01,similar,P011,P004,0,2026-09-30
SYN01,would_buy,P011,P004,1,2026-09-30
SYN01,similar,P011,P015,1,2026-09-30
SYN01,would_buy,P011,P015,2,2026-09-30
SYN01,similar,P011,P020,0,2026-09-30
SYN01,would_buy,P011,P020,1,2026-09-30
SYN02,similar,P011,P010,3,2026-09-30
SYN02,would_buy,P011,P010,1,2026-09-30
SYN02,similar,P011,P016,2,2026-09-30
SYN02,would_buy,P011,P016,2,2026-09-30
SYN02,similar,P011,P012,1,2026-09-30
SYN02,would_buy,P011,P012,2,2026-09-30
SYN02,similar,P011,P014,1,2026-09-30
SYN02,would_buy,P011,P014,2,2026-09-30
SYN02,similar,P011,P002,0,2026-09-30
SYN02,would_buy,P011,P002,0,2026-09-30
SYN02,similar,P011,P007,1,2026-09-30
SYN02,would_buy,P011,P007,1,2026-09-30
SYN02,similar,P011,P013,3,2026-09-30
SYN02,would_buy,P011,P013,3,2026-09-30
SYN02,similar,P011,P001,2,2026-09-30
SYN02,would_buy,P011,P001,1,2026-09-30
SYN02,similar,P011,P017,0,2026-09-30
SYN02,would_buy,P011,P017,1,2026-09-30
SYN02,similar,P011,P018,2,2026-09-30
SYN02,would_buy,P011,P018,2,2026-09-30
SYN02,similar,P011,P019,1,2026-09-30
SYN02,would_buy,P011,P019,2,2026-09-30
SYN02,similar,P011,P004,1,2026-09-30
SYN02,would_buy,P011,P004,1,2026-09-30
SYN02,similar,P011,P015,1,2026-09-30
SYN02,would_buy,P011,P015,2,2026-09-30
SYN02,similar,P011,P020,0,2026-09-30
SYN02,would_buy,P011,P020,0,2026-09-30
SYN03,similar,P011,P010,2,2026-09-30
SYN03,would_buy,P011,P010,2,2026-09-30
SYN03,similar,P011,P016,2,2026-09-30
SYN03,would_buy,P011,P016,3,2026-09-30
SYN03,similar,P011,P012,1,2026-09-30
SYN03,would_buy,P011,P012,2,2026-09-30
SYN03,similar,P011,P014,1,2026-09-30
SYN03,would_buy,P011,P014,2,2026-09-30
SYN03,similar,P011,P002,0,2026-09-30
SYN03,would_buy,P011,P002,1,2026-09-30
SYN03,similar,P011,P007,0,2026-09-30
SYN03,would_buy,P011,P007,2,2026-09-30
SYN03,similar,P011,P013,3,2026-09-30
SYN03,would_buy,P011,P013,3,2026-09-30
SYN03,similar,P011,P001,2,2026-09-30
SYN03,would_buy,P011,P001,3,2026-09-30
SYN03,similar,P011,P017,0,2026-09-30
SYN03,would_buy,P011,P017,1,2026-09-30
SYN03,similar,P011,P018,2,2026-09-30
SYN03,would_buy,P011,P018,2,2026-09-30
SYN03,similar,P011,P019,1,2026-09-30
SYN03,would_buy,P011,P019,1,2026-09-30
SYN03,similar,P011,P004,2,2026-09-30
SYN03,would_buy,P011,P004,1,2026-09-30
SYN03,similar,P011,P015,2,2026-09-30
SYN03,would_buy,P011,P015,2,2026-09-30
SYN03,similar,P011,P020,0,2026-09-30
SYN03,would_buy,P011,P020,1,2026-09-30
SYN04,similar,P011,P010,2,2026-09-30
SYN04,would_buy,P011,P010,2,2026-09-30
SYN04,similar,P011,P016,2,2026-09-30
SYN04,would_buy,P011,P016,3,2026-09-30
SYN04,similar,P011,P012,2,2026-09-30
SYN04,would_buy,P011,P012,3,2026-09-30
SYN04,similar,P011,P014,2,2026-09-30
SYN04,would_buy,P011,P014,2,2026-09-30
SYN04,similar,P011,P002,1,2026-09-30
SYN04,would_buy,P011,P002,1,2026-09-30
SYN04,similar,P011,P007,1,2026-09-30
SYN04,would_buy,P011,P007,1,2026-09-30
SYN04,similar,P011,P013,2,2026-09-30
SYN04,would_buy,P011,P013,2,2026-09-30
SYN04,similar,P011,P001,3,2026-09-30
SYN04,would_buy,P011,P001,2,2026-09-30
SYN04,similar,P011,P017,0,2026-09-30
SYN04,would_buy,P011,P017,1,2026-09-30
SYN04,similar,P011,P018,1,2026-09-30
SYN04,would_buy,P011,P018,2,2026-09-30
SYN04,similar,P011,P019,1,2026-09-30
SYN04,would_buy,P011,P019,0,2026-09-30
SYN04,similar,P011,P004,2,2026-09-30
SYN04,would_buy,P011,P004,1,2026-09-30
SYN04,similar,P011,P015,2,2026-09-30
SYN04,would_buy,P011,P015,3,2026-09-30
SYN04,similar,P011,P020,0,2026-09-30
SYN04,would_buy,P011,P020,1,2026-09-30
SYN05,similar,P011,P010,2,2026-09-30
SYN05,would_buy,P011,P010,3,2026-09-30
SYN05,similar,P011,P016,2,2026-09-30
SYN05,would_buy,P011,P016,2,2026-09-30
SYN05,similar,P011,P012,2,2026-09-30
SYN05,would_buy,P011,P012,0,2026-09-30
SYN05,similar,P011,P014,2,2026-09-30
SYN05,would_buy,P011,P014,2,2026-09-30
SYN05,similar,P011,P002,0,2026-09-30
SYN05,would_buy,P011,P002,1,2026-09-30
SYN05,similar,P011,P007,0,2026-09-30
SYN05,would_buy,P011,P007,1,2026-09-30
SYN05,similar,P011,P013,1,2026-09-30
SYN05,would_buy,P011,P013,2,2026-09-30
SYN05,similar,P011,P001,1,2026-09-30
SYN05,would_buy,P011,P001,1,2026-09-30
SYN05,similar,P011,P017,0,2026-09-30
SYN05,would_buy,P011,P017,0,2026-09-30
SYN05,similar,P011,P018,2,2026-09-30
SYN05,would_buy,P011,P018,2,2026-09-30
SYN05,similar,P011,P019,1,2026-09-30
SYN05,would_buy,P011,P019,2,2026-09-30
SYN05,similar,P011,P004,2,2026-09-30
SYN05,would_buy,P011,P004,3,2026-09-30
SYN05,similar,P011,P015,1,2026-09-30
SYN05,would_buy,P011,P015,2,2026-09-30
SYN05,similar,P011,P020,2,2026-09-30
SYN05,would_buy,P011,P020,1,2026-09-30
SYN06,similar,P011,P010,2,2026-09-30
SYN06,would_buy,P011,P010,2,2026-09-30
SYN06,similar,P011,P016,1,2026-09-30
SYN06,would_buy,P011,P016,2,2026-09-30
SYN06,similar,P011,P012,1,2026-09-30
SYN06,would_buy,P011,P012,2,2026-09-30
SYN06,similar,P011,P014,1,2026-09-30
SYN06,would_buy,P011,P014,1,2026-09-30
SYN06,similar,P011,P002,0,2026-09-30
SYN06,would_buy,P011,P002,1,2026-09-30
SYN06,similar,P011,P007,0,2026-09-30
SYN06,would_buy,P011,P007,0,2026-09-30
SYN06,similar,P011,P013,3,2026-09-30
SYN06,would_buy,P011,P013,2,2026-09-30
SYN06,similar,P011,P001,1,2026-09-30
SYN06,would_buy,P011,P001,2,2026-09-30
SYN06,similar,P011,P017,0,2026-09-30
SYN06,would_buy,P011,P017,1,2026-09-30
SYN06,similar,P011,P018,2,2026-09-30
SYN06,would_buy,P011,P018,2,2026-09-30
SYN06,similar,P011,P019,2,2026-09-30
SYN06,would_buy,P011,P019,2,2026-09-30
SYN06,similar,P011,P004,1,2026-09-30
SYN06,would_buy,P011,P004,2,2026-09-30
SYN06,similar,P011,P015,1,2026-09-30
SYN06,would_buy,P011,P015,2,2026-09-30
SYN06,similar,P011,P020,0,2026-09-30
SYN06,would_buy,P011,P020,2,2026-09-30
SYN01,similar,P015,P009,1,2026-09-30
SYN01,would_buy,P015,P009,1,2026-09-30
SYN01,similar,P015,P013,3,2026-09-30
SYN01,would_buy,P015,P013,2,2026-09-30
SYN01,similar,P015,P014,2,2026-09-30
SYN01,would_buy,P015,P014,1,2026-09-30
SYN01,similar,P015,P001,1,2026-09-30
SYN01,would_buy,P015,P001,0,2026-09-30
SYN01,similar,P015,P017,0,2026-09-30
SYN01,would_buy,P015,P017,1,2026-09-30
SYN01,similar,P015,P011,1,2026-09-30
SYN01,would_buy,P015,P011,1,2026-09-30
SYN01,similar,P015,P016,2,2026-09-30
SYN01,would_buy,P015,P016,3,2026-09-30
SYN01,similar,P015,P022,2,2026-09-30
SYN01,would_buy,P015,P022,2,2026-09-30
SYN01,similar,P015,P012,1,2026-09-30
SYN01,would_buy,P015,P012,1,2026-09-30
SYN01,similar,P015,P004,0,2026-09-30
SYN01,would_buy,P015,P004,2,2026-09-30
SYN02,similar,P015,P009,0,2026-09-30
SYN02,would_buy,P015,P009,0,2026-09-30
SYN02,similar,P015,P013,2,2026-09-30
SYN02,would_buy,P015,P013,1,2026-09-30
SYN02,similar,P015,P014,1,2026-09-30
SYN02,would_buy,P015,P014,1,2026-09-30
SYN02,similar,P015,P001,0,2026-09-30
SYN02,would_buy,P015,P001,0,2026-09-30
SYN02,similar,P015,P017,1,2026-09-30
SYN02,would_buy,P015,P017,0,2026-09-30
SYN02,similar,P015,P011,1,2026-09-30
SYN02,would_buy,P015,P011,1,2026-09-30
SYN02,similar,P015,P016,3,2026-09-30
SYN02,would_buy,P015,P016,3,2026-09-30
SYN02,similar,P015,P022,2,2026-09-30
SYN02,would_buy,P015,P022,1,2026-09-30
SYN02,similar,P015,P012,1,2026-09-30
SYN02,would_buy,P015,P012,2,2026-09-30
SYN02,similar,P015,P004,1,2026-09-30
SYN02,would_buy,P015,P004,1,2026-09-30
SYN03,similar,P015,P009,1,2026-09-30
SYN03,would_buy,P015,P009,1,2026-09-30
SYN03,similar,P015,P013,2,2026-09-30
SYN03,would_buy,P015,P013,2,2026-09-30
SYN03,similar,P015,P014,3,2026-09-30
SYN03,would_buy,P015,P014,1,2026-09-30
SYN03,similar,P015,P001,1,2026-09-30
SYN03,would_buy,P015,P001,1,2026-09-30
SYN03,similar,P015,P017,1,2026-09-30
SYN03,would_buy,P015,P017,1,2026-09-30
SYN03,similar,P015,P011,2,2026-09-30
SYN03,would_buy,P015,P011,0,2026-09-30
SYN03,similar,P015,P016,2,2026-09-30
SYN03,would_buy,P015,P016,3,2026-09-30
SYN03,similar,P015,P022,1,2026-09-30
SYN03,would_buy,P015,P022,2,2026-09-30
SYN03,similar,P015,P012,0,2026-09-30
SYN03,would_buy,P015,P012,2,2026-09-30
SYN03,similar,P015,P004,2,2026-09-30
SYN03,would_buy,P015,P004,2,2026-09-30
SYN04,similar,P015,P009,1,2026-09-30
SYN04,would_buy,P015,P009,1,2026-09-30
SYN04,similar,P015,P013,2,2026-09-30
SYN04,would_buy,P015,P013,1,2026-09-30
SYN04,similar,P015,P014,1,2026-09-30
SYN04,would_buy,P015,P014,1,2026-09-30
SYN04,similar,P015,P001,0,2026-09-30
SYN04,would_buy,P015,P001,0,2026-09-30
SYN04,similar,P015,P017,1,2026-09-30
SYN04,would_buy,P015,P017,1,2026-09-30
SYN04,similar,P015,P011,1,2026-09-30
SYN04,would_buy,P015,P011,2,2026-09-30
SYN04,similar,P015,P016,3,2026-09-30
SYN04,would_buy,P015,P016,3,2026-09-30
SYN04,similar,P015,P022,1,2026-09-30
SYN04,would_buy,P015,P022,2,2026-09-30
SYN04,similar,P015,P012,1,2026-09-30
SYN04,would_buy,P015,P012,1,2026-09-30
SYN04,similar,P015,P004,0,2026-09-30
SYN04,would_buy,P015,P004,1,2026-09-30
SYN05,similar,P015,P009,2,2026-09-30
SYN05,would_buy,P015,P009,0,2026-09-30
SYN05,similar,P015,P013,2,2026-09-30
SYN05,would_buy,P015,P013,2,2026-09-30
SYN05,similar,P015,P014,1,2026-09-30
SYN05,would_buy,P015,P014,2,2026-09-30
SYN05,similar,P015,P001,1,2026-09-30
SYN05,would_buy,P015,P001,1,2026-09-30
SYN05,similar,P015,P017,3,2026-09-30
SYN05,would_buy,P015,P017,1,2026-09-30
SYN05,similar,P015,P011,0,2026-09-30
SYN05,would_buy,P015,P011,2,2026-09-30
SYN05,similar,P015,P016,2,2026-09-30
SYN05,would_buy,P015,P016,3,2026-09-30
SYN05,similar,P015,P022,2,2026-09-30
SYN05,would_buy,P015,P022,2,2026-09-30
SYN05,similar,P015,P012,1,2026-09-30
SYN05,would_buy,P015,P012,2,2026-09-30
SYN05,similar,P015,P004,0,2026-09-30
SYN05,would_buy,P015,P004,1,2026-09-30
SYN06,similar,P015,P009,1,2026-09-30
SYN06,would_buy,P015,P009,1,2026-09-30
SYN06,similar,P015,P013,2,2026-09-30
SYN06,would_buy,P015,P013,2,2026-09-30
SYN06,similar,P015,P014,2,2026-09-30
SYN06,would_buy,P015,P014,1,2026-09-30
SYN06,similar,P015,P001,1,2026-09-30
SYN06,would_buy,P015,P001,2,2026-09-30
SYN06,similar,P015,P017,1,2026-09-30
SYN06,would_buy,P015,P017,1,2026-09-30
SYN06,similar,P015,P011,1,2026-09-30
SYN06,would_buy,P015,P011,1,2026-09-30
SYN06,similar,P015,P016,2,2026-09-30
SYN06,would_buy,P015,P016,3,2026-09-30
SYN06,similar,P015,P022,1,2026-09-30
SYN06,would_buy,P015,P022,2,2026-09-30
SYN06,similar,P015,P012,1,2026-09-30
SYN06,would_buy,P015,P012,2,2026-09-30
SYN06,similar,P015,P004,1,2026-09-30
SYN06,would_buy,P015,P004,1,2026-09-30
SYN01,similar,P023,P027,1,2026-09-30
SYN01,would_buy,P023,P027,3,2026-09-30
SYN01,similar,P023,P025,3,2026-09-30
SYN01,would_buy,P023,P025,3,2026-09-30
SYN01,similar,P023,P024,2,2026-09-30
SYN01,would_buy,P023,P024,1,2026-09-30
SYN01,similar,P023,P028,2,2026-09-30
SYN01,would_buy,P023,P028,2,2026-09-30
SYN01,similar,P023,P030,0,2026-09-30
SYN01,would_buy,P023,P030,1,2026-09-30
SYN01,similar,P023,P026,3,2026-09-30
SYN01,would_buy,P023,P026,3,2026-09-30
SYN01,similar,P023,P029,1,2026-09-30
SYN01,would_buy,P023,P029,2,2026-09-30
SYN02,similar,P023,P027,2,2026-09-30
SYN02,would_buy,P023,P027,1,2026-09-30
SYN02,similar,P023,P025,2,2026-09-30
SYN02,would_buy,P023,P025,2,2026-09-30
SYN02,similar,P023,P024,2,2026-09-30
SYN02,would_buy,P023,P024,1,2026-09-30
SYN02,similar,P023,P028,2,2026-09-30
SYN02,would_buy,P023,P028,1,2026-09-30
SYN02,similar,P023,P030,1,2026-09-30
SYN02,would_buy,P023,P030,2,2026-09-30
SYN02,similar,P023,P026,2,2026-09-30
SYN02,would_buy,P023,P026,2,2026-09-30
SYN02,similar,P023,P029,2,2026-09-30
SYN02,would_buy,P023,P029,2,2026-09-30
SYN03,similar,P023,P027,2,2026-09-30
SYN03,would_buy,P023,P027,2,2026-09-30
SYN03,similar,P023,P025,2,2026-09-30
SYN03,would_buy,P023,P025,2,2026-09-30
SYN03,similar,P023,P024,3,2026-09-30
SYN03,would_buy,P023,P024,2,2026-09-30
SYN03,similar,P023,P028,2,2026-09-30
SYN03,would_buy,P023,P028,2,2026-09-30
SYN03,similar,P023,P030,1,2026-09-30
SYN03,would_buy,P023,P030,1,2026-09-30
SYN03,similar,P023,P026,1,2026-09-30
SYN03,would_buy,P023,P026,2,2026-09-30
SYN03,similar,P023,P029,1,2026-09-30
SYN03,would_buy,P023,P029,2,2026-09-30
SYN04,similar,P023,P027,3,2026-09-30
SYN04,would_buy,P023,P027,3,2026-09-30
SYN04,similar,P023,P025,2,2026-09-30
SYN04,would_buy,P023,P025,3,2026-09-30
SYN04,similar,P023,P024,3,2026-09-30
SYN04,would_buy,P023,P024,1,2026-09-30
SYN04,similar,P023,P028,1,2026-09-30
SYN04,would_buy,P023,P028,2,2026-09-30
SYN04,similar,P023,P030,1,2026-09-30
SYN04,would_buy,P023,P030,1,2026-09-30
SYN04,similar,P023,P026,1,2026-09-30
SYN04,would_buy,P023,P026,2,2026-09-30
SYN04,similar,P023,P029,2,2026-09-30
SYN04,would_buy,P023,P029,3,2026-09-30
SYN05,similar,P023,P027,2,2026-09-30
SYN05,would_buy,P023,P027,3,2026-09-30
SYN05,similar,P023,P025,2,2026-09-30
SYN05,would_buy,P023,P025,2,2026-09-30
SYN05,similar,P023,P024,3,2026-09-30
SYN05,would_buy,P023,P024,2,2026-09-30
SYN05,similar,P023,P028,1,2026-09-30
SYN05,would_buy,P023,P028,2,2026-09-30
SYN05,similar,P023,P030,1,2026-09-30
SYN05,would_buy,P023,P030,2,2026-09-30
SYN05,similar,P023,P026,2,2026-09-30
SYN05,would_buy,P023,P026,1,2026-09-30
SYN05,similar,P023,P029,1,2026-09-30
SYN05,would_buy,P023,P029,2,2026-09-30
SYN06,similar,P023,P027,2,2026-09-30
SYN06,would_buy,P023,P027,1,2026-09-30
SYN06,similar,P023,P025,2,2026-09-30
SYN06,would_buy,P023,P025,1,2026-09-30
SYN06,similar,P023,P024,3,2026-09-30
SYN06,would_buy,P023,P024,2,2026-09-30
SYN06,similar,P023,P028,1,2026-09-30
SYN06,would_buy,P023,P028,2,2026-09-30
SYN06,similar,P023,P030,0,2026-09-30
SYN06,would_buy,P023,P030,2,2026-09-30
SYN06,similar,P023,P026,2,2026-09-30
SYN06,would_buy,P023,P026,0,2026-09-30
SYN06,similar,P023,P029,2,2026-09-30
SYN06,would_buy,P023,P029,2,2026-09-30
SYN01,similar,P029,P032,2,2026-09-30
SYN01,would_buy,P029,P032,1,2026-09-30
SYN01,similar,P029,P025,2,2026-09-30
SYN01,would_buy,P029,P025,1,2026-09-30
SYN01,similar,P029,P027,0,2026-09-30
SYN01,would_buy,P029,P027,0,2026-09-30
SYN01,similar,P029,P028,2,2026-09-30
SYN01,would_buy,P029,P028,2,2026-09-30
SYN01,similar,P029,P023,3,2026-09-30
SYN01,would_buy,P029,P023,2,2026-09-30
SYN01,similar,P029,P034,2,2026-09-30
SYN01,would_buy,P029,P034,2,2026-09-30
SYN01,similar,P029,P026,0,2026-09-30
SYN01,would_buy,P029,P026,1,2026-09-30
SYN01,similar,P029,P031,1,2026-09-30
SYN01,would_buy,P029,P031,1,2026-09-30
SYN01,similar,P029,P030,1,2026-09-30
SYN01,would_buy,P029,P030,1,2026-09-30
SYN01,similar,P029,P024,2,2026-09-30
SYN01,would_buy,P029,P024,1,2026-09-30
SYN02,similar,P029,P032,2,2026-09-30
SYN02,would_buy,P029,P032,1,2026-09-30
SYN02,similar,P029,P025,1,2026-09-30
SYN02,would_buy,P029,P025,2,2026-09-30
SYN02,similar,P029,P027,1,2026-09-30
SYN02,would_buy,P029,P027,1,2026-09-30
SYN02,similar,P029,P028,2,2026-09-30
SYN02,would_buy,P029,P028,2,2026-09-30
SYN02,similar,P029,P023,3,2026-09-30
SYN02,would_buy,P029,P023,1,2026-09-30
SYN02,similar,P029,P034,2,2026-09-30
SYN02,would_buy,P029,P034,0,2026-09-30
SYN02,similar,P029,P026,1,2026-09-30
SYN02,would_buy,P029,P026,1,2026-09-30
SYN02,similar,P029,P031,2,2026-09-30
SYN02,would_buy,P029,P031,1,2026-09-30
SYN02,similar,P029,P030,2,2026-09-30
SYN02,would_buy,P029,P030,2,2026-09-30
SYN02,similar,P029,P024,1,2026-09-30
SYN02,would_buy,P029,P024,1,2026-09-30
SYN03,similar,P029,P032,2,2026-09-30
SYN03,would_buy,P029,P032,1,2026-09-30
SYN03,similar,P029,P025,0,2026-09-30
SYN03,would_buy,P029,P025,0,2026-09-30
SYN03,similar,P029,P027,1,2026-09-30
SYN03,would_buy,P029,P027,1,2026-09-30
SYN03,similar,P029,P028,2,2026-09-30
SYN03,would_buy,P029,P028,2,2026-09-30
SYN03,similar,P029,P023,2,2026-09-30
SYN03,would_buy,P029,P023,1,2026-09-30
SYN03,similar,P029,P034,2,2026-09-30
SYN03,would_buy,P029,P034,0,2026-09-30
SYN03,similar,P029,P026,0,2026-09-30
SYN03,would_buy,P029,P026,1,2026-09-30
SYN03,similar,P029,P031,2,2026-09-30
SYN03,would_buy,P029,P031,1,2026-09-30
SYN03,similar,P029,P030,2,2026-09-30
SYN03,would_buy,P029,P030,1,2026-09-30
SYN03,similar,P029,P024,2,2026-09-30
SYN03,would_buy,P029,P024,2,2026-09-30
SYN04,similar,P029,P032,2,2026-09-30
SYN04,would_buy,P029,P032,3,2026-09-30
SYN04,similar,P029,P025,1,2026-09-30
SYN04,would_buy,P029,P025,2,2026-09-30
SYN04,similar,P029,P027,1,2026-09-30
SYN04,would_buy,P029,P027,2,2026-09-30
SYN04,similar,P029,P028,2,2026-09-30
SYN04,would_buy,P029,P028,1,2026-09-30
SYN04,similar,P029,P023,2,2026-09-30
SYN04,would_buy,P029,P023,2,2026-09-30
SYN04,similar,P029,P034,2,2026-09-30
SYN04,would_buy,P029,P034,2,2026-09-30
SYN04,similar,P029,P026,1,2026-09-30
SYN04,would_buy,P029,P026,1,2026-09-30
SYN04,similar,P029,P031,2,2026-09-30
SYN04,would_buy,P029,P031,1,2026-09-30
SYN04,similar,P029,P030,3,2026-09-30
SYN04,would_buy,P029,P030,1,2026-09-30
SYN04,similar,P029,P024,1,2026-09-30
SYN04,would_buy,P029,P024,0,2026-09-30
SYN05,similar,P029,P032,3,2026-09-30
SYN05,would_buy,P029,P032,1,2026-09-30
SYN05,similar,P029,P025,2,2026-09-30
SYN05,would_buy,P029,P025,3,2026-09-30
SYN05,similar,P029,P027,1,2026-09-30
SYN05,would_buy,P029,P027,1,2026-09-30
SYN05,similar,P029,P028,2,2026-09-30
SYN05,would_buy,P029,P028,1,2026-09-30
SYN05,similar,P029,P023,1,2026-09-30
SYN05,would_buy,P029,P023,2,2026-09-30
SYN05,similar,P029,P034,1,2026-09-30
SYN05,would_buy,P029,P034,0,2026-09-30
SYN05,similar,P029,P026,1,2026-09-30
SYN05,would_buy,P029,P026,1,2026-09-30
SYN05,similar,P029,P031,1,2026-09-30
SYN05,would_buy,P029,P031,1,2026-09-30
SYN05,similar,P029,P030,2,2026-09-30
SYN05,would_buy,P029,P030,2,2026-09-30
SYN05,similar,P029,P024,1,2026-09-30
SYN05,would_buy,P029,P024,2,2026-09-30
SYN06,similar,P029,P032,3,2026-09-30
SYN06,would_buy,P029,P032,1,2026-09-30
SYN06,similar,P029,P025,2,2026-09-30
SYN06,would_buy,P029,P025,2,2026-09-30
SYN06,similar,P029,P027,0,2026-09-30
SYN06,would_buy,P029,P027,2,2026-09-30
SYN06,similar,P029,P028,3,2026-09-30
SYN06,would_buy,P029,P028,2,2026-09-30
SYN06,similar,P029,P023,2,2026-09-30
SYN06,would_buy,P029,P023,1,2026-09-30
SYN06,similar,P029,P034,1,2026-09-30
SYN06,would_buy,P029,P034,1,2026-09-30
SYN06,similar,P029,P026,1,2026-09-30
SYN06,would_buy,P029,P026,1,2026-09-30
SYN06,similar,P029,P031,1,2026-09-30
SYN06,would_buy,P029,P031,1,2026-09-30
SYN06,similar,P029,P030,2,2026-09-30
SYN06,would_buy,P029,P030,2,2026-09-30
SYN06,similar,P029,P024,2,2026-09-30
SYN06,would_buy,P029,P024,0,2026-09-30
SYN01,similar,P035,P039,2,2026-09-30
SYN01,would_buy,P035,P039,2,2026-09-30
SYN01,similar,P035,P036,1,2026-09-30
SYN01,would_buy,P035,P036,2,2026-09-30
SYN01,similar,P035,P037,2,2026-09-30
SYN01,would_buy,P035,P037,1,2026-09-30
SYN01,similar,P035,P040,2,2026-09-30
SYN01,would_buy,P035,P040,1,2026-09-30
SYN01,similar,P035,P041,0,2026-09-30
SYN01,would_buy,P035,P041,0,2026-09-30
SYN01,similar,P035,P038,1,2026-09-30
SYN01,would_buy,P035,P038,2,2026-09-30
SYN02,similar,P035,P039,3,2026-09-30
SYN02,would_buy,P035,P039,1,2026-09-30
SYN02,similar,P035,P036,1,2026-09-30
SYN02,would_buy,P035,P036,2,2026-09-30
SYN02,similar,P035,P037,0,2026-09-30
SYN02,would_buy,P035,P037,1,2026-09-30
SYN02,similar,P035,P040,1,2026-09-30
SYN02,would_buy,P035,P040,1,2026-09-30
SYN02,similar,P035,P041,0,2026-09-30
SYN02,would_buy,P035,P041,0,2026-09-30
SYN02,similar,P035,P038,2,2026-09-30
SYN02,would_buy,P035,P038,0,2026-09-30
SYN03,similar,P035,P039,2,2026-09-30
SYN03,would_buy,P035,P039,1,2026-09-30
SYN03,similar,P035,P036,1,2026-09-30
SYN03,would_buy,P035,P036,2,2026-09-30
SYN03,similar,P035,P037,1,2026-09-30
SYN03,would_buy,P035,P037,1,2026-09-30
SYN03,similar,P035,P040,1,2026-09-30
SYN03,would_buy,P035,P040,2,2026-09-30
SYN03,similar,P035,P041,0,2026-09-30
SYN03,would_buy,P035,P041,1,2026-09-30
SYN03,similar,P035,P038,2,2026-09-30
SYN03,would_buy,P035,P038,1,2026-09-30
SYN04,similar,P035,P039,2,2026-09-30
SYN04,would_buy,P035,P039,3,2026-09-30
SYN04,similar,P035,P036,3,2026-09-30
SYN04,would_buy,P035,P036,1,2026-09-30
SYN04,similar,P035,P037,1,2026-09-30
SYN04,would_buy,P035,P037,1,2026-09-30
SYN04,similar,P035,P040,2,2026-09-30
SYN04,would_buy,P035,P040,2,2026-09-30
SYN04,similar,P035,P041,0,2026-09-30
SYN04,would_buy,P035,P041,0,2026-09-30
SYN04,similar,P035,P038,1,2026-09-30
SYN04,would_buy,P035,P038,2,2026-09-30
SYN05,similar,P035,P039,2,2026-09-30
SYN05,would_buy,P035,P039,0,2026-09-30
SYN05,similar,P035,P036,1,2026-09-30
SYN05,would_buy,P035,P036,1,2026-09-30
SYN05,similar,P035,P037,1,2026-09-30
SYN05,would_buy,P035,P037,1,2026-09-30
SYN05,similar,P035,P040,1,2026-09-30
SYN05,would_buy,P035,P040,1,2026-09-30
SYN05,similar,P035,P041,0,2026-09-30
SYN05,would_buy,P035,P041,0,2026-09-30
SYN05,similar,P035,P038,1,2026-09-30
SYN05,would_buy,P035,P038,1,2026-09-30
SYN06,similar,P035,P039,2,2026-09-30
SYN06,would_buy,P035,P039,1,2026-09-30
SYN06,similar,P035,P036,2,2026-09-30
SYN06,would_buy,P035,P036,3,2026-09-30
SYN06,similar,P035,P037,0,2026-09-30
SYN06,would_buy,P035,P037,1,2026-09-30
SYN06,similar,P035,P040,0,2026-09-30
SYN06,would_buy,P035,P040,2,2026-09-30
SYN06,similar,P035,P041,0,2026-09-30
SYN06,would_buy,P035,P041,0,2026-09-30
SYN06,similar,P035,P038,1,2026-09-30
SYN06,would_buy,P035,P038,0,2026-09-30
SYN01,similar,P043,P045,1,2026-09-30
SYN01,would_buy,P043,P045,0,2026-09-30
SYN01,similar,P043,P046,2,2026-09-30
SYN01,would_buy,P043,P046,1,2026-09-30
SYN01,similar,P043,P044,1,2026-09-30
SYN01,would_buy,P043,P044,1,2026-09-30
SYN01,similar,P043,P047,2,2026-09-30
SYN01,would_buy,P043,P047,1,2026-09-30
SYN01,similar,P043,P048,2,2026-09-30
SYN01,would_buy,P043,P048,1,2026-09-30
SYN01,similar,P043,P042,2,2026-09-30
SYN01,would_buy,P043,P042,1,2026-09-30
SYN02,similar,P043,P045,1,2026-09-30
SYN02,would_buy,P043,P045,2,2026-09-30
SYN02,similar,P043,P046,1,2026-09-30
SYN02,would_buy,P043,P046,0,2026-09-30
SYN02,similar,P043,P044,0,2026-09-30
SYN02,would_buy,P043,P044,1,2026-09-30
SYN02,similar,P043,P047,1,2026-09-30
SYN02,would_buy,P043,P047,2,2026-09-30
SYN02,similar,P043,P048,2,2026-09-30
SYN02,would_buy,P043,P048,2,2026-09-30
SYN02,similar,P043,P042,1,2026-09-30
SYN02,would_buy,P043,P042,2,2026-09-30
SYN03,similar,P043,P045,0,2026-09-30
SYN03,would_buy,P043,P045,1,2026-09-30
SYN03,similar,P043,P046,2,2026-09-30
SYN03,would_buy,P043,P046,0,2026-09-30
SYN03,similar,P043,P044,1,2026-09-30
SYN03,would_buy,P043,P044,1,2026-09-30
SYN03,similar,P043,P047,1,2026-09-30
SYN03,would_buy,P043,P047,1,2026-09-30
SYN03,similar,P043,P048,2,2026-09-30
SYN03,would_buy,P043,P048,1,2026-09-30
SYN03,similar,P043,P042,2,2026-09-30
SYN03,would_buy,P043,P042,1,2026-09-30
SYN04,similar,P043,P045,0,2026-09-30
SYN04,would_buy,P043,P045,1,2026-09-30
SYN04,similar,P043,P046,1,2026-09-30
SYN04,would_buy,P043,P046,0,2026-09-30
SYN04,similar,P043,P044,1,2026-09-30
SYN04,would_buy,P043,P044,2,2026-09-30
SYN04,similar,P043,P047,1,2026-09-30
SYN04,would_buy,P043,P047,1,2026-09-30
SYN04,similar,P043,P048,1,2026-09-30
SYN04,would_buy,P043,P048,3,2026-09-30
SYN04,similar,P043,P042,1,2026-09-30
SYN04,would_buy,P043,P042,2,2026-09-30
SYN05,similar,P043,P045,0,2026-09-30
SYN05,would_buy,P043,P045,1,2026-09-30
SYN05,similar,P043,P046,2,2026-09-30
SYN05,would_buy,P043,P046,0,2026-09-30
SYN05,similar,P043,P044,0,2026-09-30
SYN05,would_buy,P043,P044,1,2026-09-30
SYN05,similar,P043,P047,1,2026-09-30
SYN05,would_buy,P043,P047,1,2026-09-30
SYN05,similar,P043,P048,3,2026-09-30
SYN05,would_buy,P043,P048,2,2026-09-30
SYN05,similar,P043,P042,0,2026-09-30
SYN05,would_buy,P043,P042,2,2026-09-30
SYN06,similar,P043,P045,0,2026-09-30
SYN06,would_buy,P043,P045,2,2026-09-30
SYN06,similar,P043,P046,1,2026-09-30
SYN06,would_buy,P043,P046,1,2026-09-30
SYN06,similar,P043,P044,1,2026-09-30
SYN06,would_buy,P043,P044,1,2026-09-30
SYN06,similar,P043,P047,0,2026-09-30
SYN06,would_buy,P043,P047,0,2026-09-30
SYN06,similar,P043,P048,3,2026-09-30
SYN06,would_buy,P043,P048,2,2026-09-30
SYN06,similar,P043,P042,1,2026-09-30
SYN06,would_buy,P043,P042,2,2026-09-30
