product_id,market,availability,local_price,currency,rating,review_count,shipping_days,seller,observed_at,source
P001,KR,medium,75700,KRW,4.5,224,8,demo_store,2026-09-28,DEMO synthetic
P001,US,high,38.0,USD,3.7,3054,3,demo_store,2026-09-28,DEMO synthetic
P001,JP,medium,8900,JPY,4.2,44,12,demo_store,2026-09-28,DEMO synthetic
P002,KR,high,9000,KRW,4.1,711,3,demo_store,2026-09-28,DEMO synthetic
P002,US,low,9.9,USD,3.6,242,11,demo_store,2026-09-28,DEMO synthetic
P002,JP,low,1500,JPY,4.6,167,13,demo_store,2026-09-28,DEMO synthetic
P002,CN,medium,69.0,CNY,4.1,710,9,demo_store,2026-09-28,DEMO synthetic
P003,KR,high,18000,KRW,3.6,294,2,demo_store,2026-09-28,DEMO synthetic
P003,US,low,17.77,USD,4.5,108,15,demo_store,2026-09-28,DEMO synthetic
P003,JP,medium,2900,JPY,4.8,60,8,demo_store,2026-09-28,DEMO synthetic
P004,KR,high,22000,KRW,4.0,530,2,demo_store,2026-09-28,DEMO synthetic
P004,US,medium,18.53,USD,4.6,215,13,demo_store,2026-09-28,DEMO synthetic
P004,JP,medium,3700,JPY,4.1,37,9,demo_store,2026-09-28,DEMO synthetic
P004,CN,medium,133.0,CNY,3.6,27,9,demo_store,2026-09-28,DEMO synthetic
P005,US,high,38.0,USD,3.7,682,1,demo_store,2026-09-28,DEMO synthetic
P005,JP,low,7900,JPY,4.6,240,7,demo_store,2026-09-28,DEMO synthetic
P005,CN,high,429.0,CNY,4.5,425,5,demo_store,2026-09-28,DEMO synthetic
P006,KR,low,29000,KRW,3.8,378,15,demo_store,2026-09-28,DEMO synthetic
P006,US,high,14.0,USD,4.6,879,3,demo_store,2026-09-28,DEMO synthetic
P006,JP,high,2500,JPY,4.6,99,6,demo_store,2026-09-28,DEMO synthetic
P007,KR,medium,24000,KRW,4.8,103,10,demo_store,2026-09-28,DEMO synthetic
P007,US,high,13.32,USD,4.3,24,5,demo_store,2026-09-28,DEMO synthetic
P007,JP,high,1600,JPY,4.3,42,3,demo_store,2026-09-28,DEMO synthetic
P007,CN,medium,99.0,CNY,4.0,129,11,demo_store,2026-09-28,DEMO synthetic
P008,KR,high,21000,KRW,4.7,3123,2,demo_store,2026-09-28,DEMO synthetic
P008,US,medium,21.26,USD,4.4,30,8,demo_store,2026-09-28,DEMO synthetic
P008,JP,medium,3100,JPY,4.5,75,12,demo_store,2026-09-28,DEMO synthetic
P009,KR,high,28000,KRW,4.1,462,3,demo_store,2026-09-28,DEMO synthetic
P009,US,high,31.58,USD,4.1,97,8,demo_store,2026-09-28,DEMO synthetic
P009,JP,medium,4600,JPY,4.5,95,5,demo_store,2026-09-28,DEMO synthetic
P009,CN,high,192.0,CNY,3.7,107,8,demo_store,2026-09-28,DEMO synthetic
P010,KR,high,32000,KRW,4.3,7186,1,demo_store,2026-09-28,DEMO synthetic
P010,JP,medium,4100,JPY,4.1,117,7,demo_store,2026-09-28,DEMO synthetic
P010,CN,low,237.0,CNY,3.8,285,16,demo_store,2026-09-28,DEMO synthetic
P011,US,high,42.0,USD,3.9,273,3,demo_store,2026-09-28,DEMO synthetic
P011,CN,high,405.0,CNY,4.2,243,9,demo_store,2026-09-28,DEMO synthetic
P012,KR,medium,49500,KRW,4.0,105,8,demo_store,2026-09-28,DEMO synthetic
P012,US,high,24.0,USD,4.2,186,1,demo_store,2026-09-28,DEMO synthetic
P012,JP,medium,4600,JPY,4.8,367,15,demo_store,2026-09-28,DEMO synthetic
P012,CN,medium,263.0,CNY,3.8,178,13,demo_store,2026-09-28,DEMO synthetic
P013,KR,high,39000,KRW,3.7,1288,3,demo_store,2026-09-28,DEMO synthetic
P013,US,high,39.27,USD,3.7,60,11,demo_store,2026-09-28,DEMO synthetic
P013,JP,medium,4900,JPY,4.8,149,16,demo_store,2026-09-28,DEMO synthetic
P013,CN,low,307.0,CNY,4.7,280,15,demo_store,2026-09-28,DEMO synthetic
P014,KR,medium,42300,KRW,4.6,33,10,demo_store,2026-09-28,DEMO synthetic
P014,US,medium,23.32,USD,4.4,176,14,demo_store,2026-09-28,DEMO synthetic
P014,JP,high,2900,JPY,3.9,78,3,demo_store,2026-09-28,DEMO synthetic
P014,CN,medium,216.0,CNY,4.3,188,14,demo_store,2026-09-28,DEMO synthetic
P015,KR,low,63600,KRW,4.7,95,13,demo_store,2026-09-28,DEMO synthetic
P015,US,high,30.0,USD,4.1,141,3,demo_store,2026-09-28,DEMO synthetic
P015,JP,low,6200,JPY,3.8,389,6,demo_store,2026-09-28,DEMO synthetic
P015,CN,low,315.0,CNY,4.8,101,14,demo_store,2026-09-28,DEMO synthetic
P016,KR,high,8000,KRW,4.1,2112,1,demo_store,2026-09-28,DEMO synthetic
P016,US,medium,6.84,USD,4.5,12,7,demo_store,2026-09-28,DEMO synthetic
P016,JP,medium,1100,JPY,4.8,470,7,demo_store,2026-09-28,DEMO synthetic
P017,KR,high,16000,KRW,4.6,658,1,demo_store,2026-09-28,DEMO synthetic
P017,US,medium,16.08,USD,3.6,88,5,demo_store,2026-09-28,DEMO synthetic
P017,JP,medium,2500,JPY,3.9,102,16,demo_store,2026-09-28,DEMO synthetic
P017,CN,low,119.0,CNY,4.1,31,8,demo_store,2026-09-28,DEMO synthetic
P018,KR,medium,58800,KRW,4.8,241,9,demo_store,2026-09-28,DEMO synthetic
P018,US,high,32.0,USD,4.5,3202,1,demo_store,2026-09-28,DEMO synthetic
P018,JP,medium,5500,JPY,4.3,790,9,demo_store,2026-09-28,DEMO synthetic
P019,KR,high,17000,KRW,4.5,981,2,demo_store,2026-09-28,DEMO synthetic
P019,US,high,16.41,USD,3.9,143,8,demo_store,2026-09-28,DEMO synthetic
P019,CN,high,129.0,CNY,3.9,89,11,demo_store,2026-09-28,DEMO synthetic
P020,KR,high,15000,KRW,3.7,1910,3,demo_store,2026-09-28,DEMO synthetic
P020,US,medium,14.07,USD,4.0,30,9,demo_store,2026-09-28,DEMO synthetic
P020,JP,medium,2000,JPY,3.9,153,11,demo_store,2026-09-28,DEMO synthetic
P020,CN,low,122.0,CNY,3.6,32,16,demo_store,2026-09-28,DEMO synthetic
P021,KR,medium,73300,KRW,4.0,113,9,demo_store,2026-09-28,DEMO synthetic
P021,US,high,33.0,USD,4.2,302,3,demo_store,2026-09-28,DEMO synthetic
P021,JP,high,6400,JPY,4.5,302,12,demo_store,2026-09-28,DEMO synthetic
P021,CN,high,297.0,CNY,4.8,153,11,demo_store,2026-09-28,DEMO synthetic
P022,KR,high,13000,KRW,4.4,191,3,demo_store,2026-09-28,DEMO synthetic
P022,US,low,11.45,USD,4.3,224,11,demo_store,2026-09-28,DEMO synthetic
P022,JP,low,2000,JPY,4.8,19,10,demo_store,2026-09-28,DEMO synthetic
P022,CN,high,105.0,CNY,4.4,189,14,demo_store,2026-09-28,DEMO synthetic
P023,KR,medium,51100,KRW,3.7,22,16,demo_store,2026-09-28,DEMO synthetic
P023,US,high,29.0,USD,4.4,1062,3,demo_store,2026-09-28,DEMO synthetic
P023,CN,low,297.0,CNY,4.8,189,14,demo_store,2026-09-28,DEMO synthetic
P024,KR,high,10000,KRW,4.4,608,2,demo_store,2026-09-28,DEMO synthetic
P024,US,low,11.05,USD,4.5,43,10,demo_store,2026-09-28,DEMO synthetic
P024,JP,high,1400,JPY,4.0,251,14,demo_store,2026-09-28,DEMO synthetic
P024,CN,high,81.0,CNY,4.0,71,7,demo_store,2026-09-28,DEMO synthetic
P025,KR,high,12000,KRW,4.0,40,3,demo_store,2026-09-28,DEMO synthetic
P025,JP,medium,1900,JPY,3.9,166,13,demo_store,2026-09-28,DEMO synthetic
P025,CN,medium,75.0,CNY,4.3,136,13,demo_store,2026-09-28,DEMO synthetic
P026,KR,low,18500,KRW,4.5,75,9,demo_store,2026-09-28,DEMO synthetic
P026,US,high,13.03,USD,4.3,63,5,demo_store,2026-09-28,DEMO synthetic
P026,JP,high,1300,JPY,3.9,1298,1,demo_store,2026-09-28,DEMO synthetic
P026,CN,medium,91.0,CNY,4.8,154,8,demo_store,2026-09-28,DEMO synthetic
P027,KR,low,42600,KRW,4.5,74,12,demo_store,2026-09-28,DEMO synthetic
P027,US,high,23.0,USD,4.4,716,1,demo_store,2026-09-28,DEMO synthetic
P027,JP,low,5100,JPY,4.6,145,16,demo_store,2026-09-28,DEMO synthetic
P027,CN,medium,232.0,CNY,4.5,11,13,demo_store,2026-09-28,DEMO synthetic
P028,KR,low,80700,KRW,3.9,210,5,demo_store,2026-09-28,DEMO synthetic
P028,US,high,38.0,USD,4.7,6178,2,demo_store,2026-09-28,DEMO synthetic
P028,CN,high,361.0,CNY,3.8,75,12,demo_store,2026-09-28,DEMO synthetic
P029,KR,high,12000,KRW,3.7,558,2,demo_store,2026-09-28,DEMO synthetic
P029,US,medium,10.11,USD,4.7,550,15,demo_store,2026-09-28,DEMO synthetic
P029,JP,medium,1800,JPY,4.3,35,15,demo_store,2026-09-28,DEMO synthetic
P029,CN,high,87.0,CNY,4.1,55,8,demo_store,2026-09-28,DEMO synthetic
P030,US,low,16.86,USD,4.2,167,12,demo_store,2026-09-28,DEMO synthetic
P030,JP,high,1600,JPY,4.5,8378,2,demo_store,2026-09-28,DEMO synthetic
P030,CN,medium,122.0,CNY,3.9,47,9,demo_store,2026-09-28,DEMO synthetic
P031,KR,high,11000,KRW,3.7,1079,3,demo_store,2026-09-28,DEMO synthetic
P031,US,medium,9.11,USD,4.8,305,5,demo_store,2026-09-28,DEMO synthetic
P031,JP,medium,1700,JPY,4.2,589,7,demo_store,2026-09-28,DEMO synthetic
P031,CN,medium,78.0,CNY,4.3,27,9,demo_store,2026-09-28,DEMO synthetic
P032,KR,high,9000,KRW,4.8,1018,2,demo_store,2026-09-28,DEMO synthetic
P032,JP,medium,1100,JPY,4.6,276,10,demo_store,2026-09-28,DEMO synthetic
P032,CN,medium,56.0,CNY,4.9,86,15,demo_store,2026-09-28,DEMO synthetic
P033,KR,medium,127600,KRW,3.8,83,11,demo_store,2026-09-28,DEMO synthetic
P033,US,high,65.0,USD,4.3,1297,3,demo_store,2026-09-28,DEMO synthetic
P033,JP,high,11800,JPY,4.4,56,10,demo_store,2026-09-28,DEMO synthetic
P034,KR,high,14000,KRW,3.7,133,3,demo_store,2026-09-28,DEMO synthetic
P034,US,medium,15.35,USD,4.3,183,16,demo_store,2026-09-28,DEMO synthetic
P034,JP,low,1900,JPY,4.2,438,15,demo_store,2026-09-28,DEMO synthetic
P034,CN,low,92.0,CNY,4.1,33,12,demo_store,2026-09-28,DEMO synthetic
P035,KR,high,11000,KRW,3.8,919,2,demo_store,2026-09-28,DEMO synthetic
P035,US,high,11.46,USD,4.1,182,6,demo_store,2026-09-28,DEMO synthetic
P035,JP,medium,1600,JPY,3.8,380,9,demo_store,2026-09-28,DEMO synthetic
P035,CN,low,66.0,CNY,4.2,75,5,demo_store,2026-09-28,DEMO synthetic
P036,KR,high,13000,KRW,4.6,1194,3,demo_store,2026-09-28,DEMO synthetic
P036,US,medium,12.86,USD,3.8,11,11,demo_store,2026-09-28,DEMO synthetic
P036,JP,low,2100,JPY,4.4,69,7,demo_store,2026-09-28,DEMO synthetic
P036,CN,high,92.0,CNY,4.4,265,10,demo_store,2026-09-28,DEMO synthetic
P037,KR,high,45800,KRW,4.4,86,15,demo_store,2026-09-28,DEMO synthetic
P037,US,high,22.0,USD,3.7,525,3,demo_store,2026-09-28,DEMO synthetic
P037,JP,high,4400,JPY,4.8,110,12,demo_store,2026-09-28,DEMO synthetic
P037,CN,high,247.0,CNY,4.0,17,5,demo_store,2026-09-28,DEMO synthetic
P038,KR,medium,34600,KRW,4.6,1041,9,demo_store,2026-09-28,DEMO synthetic
P038,US,high,19.0,USD,4.1,1516,2,demo_store,2026-09-28,DEMO synthetic
P038,JP,high,4000,JPY,4.4,11,14,demo_store,2026-09-28,DEMO synthetic
P038,CN,medium,165.0,CNY,3.6,13,16,demo_store,2026-09-28,DEMO synthetic
P039,KR,high,12000,KRW,4.8,231,2,demo_store,2026-09-28,DEMO synthetic
P039,US,medium,13.08,USD,4.1,73,8,demo_store,2026-09-28,DEMO synthetic
P039,CN,low,89.0,CNY,4.8,105,16,demo_store,2026-09-28,DEMO synthetic
P040,KR,medium,12700,KRW,4.3,304,13,demo_store,2026-09-28,DEMO synthetic
P040,JP,high,1000,JPY,4.5,414,1,demo_store,2026-09-28,DEMO synthetic
P040,CN,low,60.0,CNY,4.6,61,16,demo_store,2026-09-28,DEMO synthetic
P041,KR,low,45700,KRW,4.2,20,15,demo_store,2026-09-28,DEMO synthetic
P041,US,high,28.0,USD,4.7,123,3,demo_store,2026-09-28,DEMO synthetic
P041,JP,medium,5800,JPY,4.6,16,7,demo_store,2026-09-28,DEMO synthetic
P042,KR,high,18000,KRW,4.8,485,2,demo_store,2026-09-28,DEMO synthetic
P042,US,low,16.61,USD,4.4,101,12,demo_store,2026-09-28,DEMO synthetic
P042,JP,low,2400,JPY,4.5,16,12,demo_store,2026-09-28,DEMO synthetic
P042,CN,high,118.0,CNY,4.2,487,16,demo_store,2026-09-28,DEMO synthetic
P043,KR,high,25000,KRW,4.4,2032,2,demo_store,2026-09-28,DEMO synthetic
P043,US,low,22.2,USD,3.9,43,11,demo_store,2026-09-28,DEMO synthetic
P043,CN,medium,193.0,CNY,3.7,40,9,demo_store,2026-09-28,DEMO synthetic
P044,KR,high,42200,KRW,4.4,84,11,demo_store,2026-09-28,DEMO synthetic
P044,US,high,26.0,USD,3.7,97,2,demo_store,2026-09-28,DEMO synthetic
P044,CN,medium,239.0,CNY,3.8,189,7,demo_store,2026-09-28,DEMO synthetic
P045,KR,high,24000,KRW,3.7,2032,2,demo_store,2026-09-28,DEMO synthetic
P045,US,medium,26.69,USD,4.7,22,7,demo_store,2026-09-28,DEMO synthetic
P046,KR,high,24300,KRW,4.4,12,7,demo_store,2026-09-28,DEMO synthetic
P046,US,medium,18.75,USD,3.9,28,10,demo_store,2026-09-28,DEMO synthetic
P046,JP,high,2000,JPY,4.4,621,2,demo_store,2026-09-28,DEMO synthetic
P046,CN,medium,118.0,CNY,4.0,1225,14,demo_store,2026-09-28,DEMO synthetic
P047,KR,high,17000,KRW,3.7,678,1,demo_store,2026-09-28,DEMO synthetic
P047,US,medium,18.23,USD,4.3,133,12,demo_store,2026-09-28,DEMO synthetic
P047,JP,low,2300,JPY,3.8,171,16,demo_store,2026-09-28,DEMO synthetic
P048,KR,medium,77600,KRW,4.3,178,13,demo_store,2026-09-28,DEMO synthetic
P048,US,high,36.0,USD,3.7,217,1,demo_store,2026-09-28,DEMO synthetic
P048,JP,medium,7700,JPY,4.6,51,14,demo_store,2026-09-28,DEMO synthetic
P048,CN,medium,338.0,CNY,3.8,18,11,demo_store,2026-09-28,DEMO synthetic
P049,KR,high,14000,KRW,4.0,177,1,demo_store,2026-09-28,DEMO synthetic
P049,US,low,15.38,USD,3.7,772,12,demo_store,2026-09-28,DEMO synthetic
P049,JP,low,2200,JPY,3.9,24,7,demo_store,2026-09-28,DEMO synthetic
P049,CN,medium,105.0,CNY,4.0,90,16,demo_store,2026-09-28,DEMO synthetic
P050,KR,high,57900,KRW,4.8,436,5,demo_store,2026-09-28,DEMO synthetic
P050,US,high,28.0,USD,4.7,191,2,demo_store,2026-09-28,DEMO synthetic
P050,JP,medium,5300,JPY,4.4,182,5,demo_store,2026-09-28,DEMO synthetic
P051,KR,low,16900,KRW,4.9,70,6,demo_store,2026-09-28,DEMO synthetic
P051,JP,high,1500,JPY,4.4,128,1,demo_store,2026-09-28,DEMO synthetic
P051,CN,low,113.0,CNY,4.2,169,7,demo_store,2026-09-28,DEMO synthetic
P052,KR,high,12000,KRW,4.5,3884,1,demo_store,2026-09-28,DEMO synthetic
P052,US,medium,12.3,USD,4.5,19,8,demo_store,2026-09-28,DEMO synthetic
P052,JP,low,1600,JPY,4.3,46,8,demo_store,2026-09-28,DEMO synthetic
P052,CN,medium,86.0,CNY,3.9,298,14,demo_store,2026-09-28,DEMO synthetic
P053,KR,high,9000,KRW,4.7,40,2,demo_store,2026-09-28,DEMO synthetic
P053,US,medium,8.26,USD,4.7,455,15,demo_store,2026-09-28,DEMO synthetic
P053,JP,medium,1300,JPY,4.5,9,9,demo_store,2026-09-28,DEMO synthetic
P053,CN,low,60.0,CNY,4.5,97,8,demo_store,2026-09-28,DEMO synthetic
P054,KR,medium,23300,KRW,4.7,36,16,demo_store,2026-09-28,DEMO synthetic
P054,US,high,14.0,USD,4.2,491,3,demo_store,2026-09-28,DEMO synthetic
P054,JP,low,3200,JPY,4.1,22,8,demo_store,2026-09-28,DEMO synthetic
P054,CN,medium,117.0,CNY,4.1,290,7,demo_store,2026-09-28,DEMO synthetic
P055,US,low,14.48,USD,4.0,83,16,demo_store,2026-09-28,DEMO synthetic
P055,JP,high,1400,JPY,4.8,3273,1,demo_store,2026-09-28,DEMO synthetic
P055,CN,high,89.0,CNY,3.7,224,12,demo_store,2026-09-28,DEMO synthetic
P056,KR,high,8000,KRW,4.7,164,1,demo_store,2026-09-28,DEMO synthetic
P056,US,low,8.38,USD,4.7,46,13,demo_store,2026-09-28,DEMO synthetic
P056,JP,low,1000,JPY,4.2,111,6,demo_store,2026-09-28,DEMO synthetic
P057,KR,low,50800,KRW,3.6,263,14,demo_store,2026-09-28,DEMO synthetic
P057,US,high,24.0,USD,4.3,1794,2,demo_store,2026-09-28,DEMO synthetic
P057,CN,high,231.0,CNY,4.3,96,7,demo_store,2026-09-28,DEMO synthetic
P058,KR,high,11000,KRW,3.7,2001,1,demo_store,2026-09-28,DEMO synthetic
P058,JP,high,1800,JPY,3.8,14,16,demo_store,2026-09-28,DEMO synthetic
P058,CN,medium,80.0,CNY,4.7,39,11,demo_store,2026-09-28,DEMO synthetic
P059,KR,high,22000,KRW,4.5,517,2,demo_store,2026-09-28,DEMO synthetic
P059,US,medium,18.29,USD,3.9,204,15,demo_store,2026-09-28,DEMO synthetic
P059,JP,high,3000,JPY,3.8,81,10,demo_store,2026-09-28,DEMO synthetic
P060,US,medium,9.28,USD,3.9,441,11,demo_store,2026-09-28,DEMO synthetic
P060,JP,high,1000,JPY,3.7,942,3,demo_store,2026-09-28,DEMO synthetic
P061,KR,high,15000,KRW,4.7,821,1,demo_store,2026-09-28,DEMO synthetic
P061,US,low,16.98,USD,4.5,78,11,demo_store,2026-09-28,DEMO synthetic
P061,JP,high,1900,JPY,4.6,20,12,demo_store,2026-09-28,DEMO synthetic
P061,CN,medium,94.0,CNY,3.6,40,15,demo_store,2026-09-28,DEMO synthetic
P062,KR,medium,23600,KRW,4.4,47,5,demo_store,2026-09-28,DEMO synthetic
P062,US,medium,16.39,USD,3.7,77,7,demo_store,2026-09-28,DEMO synthetic
P062,JP,high,1600,JPY,4.9,160,1,demo_store,2026-09-28,DEMO synthetic
P063,KR,high,12000,KRW,4.2,2227,2,demo_store,2026-09-28,DEMO synthetic
P063,US,medium,12.95,USD,4.6,47,8,demo_store,2026-09-28,DEMO synthetic
P063,CN,low,85.0,CNY,3.7,37,16,demo_store,2026-09-28,DEMO synthetic
P064,US,high,16.0,USD,3.9,335,2,demo_store,2026-09-28,DEMO synthetic
P064,CN,low,174.0,CNY,4.4,73,6,demo_store,2026-09-28,DEMO synthetic
P065,KR,low,49900,KRW,3.9,283,12,demo_store,2026-09-28,DEMO synthetic
P065,US,high,30.0,USD,4.5,3072,1,demo_store,2026-09-28,DEMO synthetic
P065,JP,medium,5700,JPY,3.7,39,10,demo_store,2026-09-28,DEMO synthetic
P065,CN,medium,252.0,CNY,3.7,106,16,demo_store,2026-09-28,DEMO synthetic
P066,KR,high,14000,KRW,4.1,1219,2,demo_store,2026-09-28,DEMO synthetic
P066,US,medium,12.17,USD,4.2,37,13,demo_store,2026-09-28,DEMO synthetic
P066,JP,high,2400,JPY,4.6,377,7,demo_store,2026-09-28,DEMO synthetic
P066,CN,low,112.0,CNY,4.1,174,13,demo_store,2026-09-28,DEMO synthetic
P067,KR,medium,19900,KRW,4.2,37,11,demo_store,2026-09-28,DEMO synthetic
P067,US,low,13.64,USD,4.2,198,15,demo_store,2026-09-28,DEMO synthetic
P067,JP,high,1300,JPY,4.7,103,3,demo_store,2026-09-28,DEMO synthetic
P067,CN,medium,100.0,CNY,4.2,45,10,demo_store,2026-09-28,DEMO synthetic
P068,KR,high,8000,KRW,4.9,634,2,demo_store,2026-09-28,DEMO synthetic
P068,US,low,7.16,USD,4.9,194,8,demo_store,2026-09-28,DEMO synthetic
P068,JP,medium,1100,JPY,3.6,169,13,demo_store,2026-09-28,DEMO synthetic
P069,US,high,22.0,USD,3.6,151,2,demo_store,2026-09-28,DEMO synthetic
P069,JP,low,4800,JPY,4.0,60,10,demo_store,2026-09-28,DEMO synthetic
P069,CN,high,218.0,CNY,3.7,64,16,demo_store,2026-09-28,DEMO synthetic
P070,KR,high,9000,KRW,3.9,990,2,demo_store,2026-09-28,DEMO synthetic
P070,US,medium,8.91,USD,4.0,31,11,demo_store,2026-09-28,DEMO synthetic
P070,JP,medium,1500,JPY,4.5,247,11,demo_store,2026-09-28,DEMO synthetic
P070,CN,low,74.0,CNY,4.6,194,10,demo_store,2026-09-28,DEMO synthetic
P071,KR,high,12000,KRW,4.7,937,1,demo_store,2026-09-28,DEMO synthetic
P071,US,low,12.27,USD,4.9,143,7,demo_store,2026-09-28,DEMO synthetic
P071,JP,medium,1600,JPY,3.6,87,10,demo_store,2026-09-28,DEMO synthetic
P071,CN,medium,78.0,CNY,4.0,53,13,demo_store,2026-09-28,DEMO synthetic
P072,KR,medium,35700,KRW,4.7,113,16,demo_store,2026-09-28,DEMO synthetic
P072,US,high,18.0,USD,4.2,141,2,demo_store,2026-09-28,DEMO synthetic
P072,JP,medium,3100,JPY,4.8,566,7,demo_store,2026-09-28,DEMO synthetic
P072,CN,medium,203.0,CNY,4.9,50,8,demo_store,2026-09-28,DEMO synthetic
P073,KR,high,7000,KRW,4.2,1140,3,demo_store,2026-09-28,DEMO synthetic
P073,US,medium,6.91,USD,4.2,17,12,demo_store,2026-09-28,DEMO synthetic
P073,JP,low,1200,JPY,4.2,166,14,demo_store,2026-09-28,DEMO synthetic
P074,KR,low,51800,KRW,3.7,12,6,demo_store,2026-09-28,DEMO synthetic
P074,US,high,24.0,USD,4.0,1531,1,demo_store,2026-09-28,DEMO synthetic
P074,JP,medium,4100,JPY,4.9,676,14,demo_store,2026-09-28,DEMO synthetic
P074,CN,medium,204.0,CNY,3.6,149,7,demo_store,2026-09-28,DEMO synthetic
P075,KR,high,11000,KRW,4.7,385,2,demo_store,2026-09-28,DEMO synthetic
P075,US,medium,11.2,USD,3.7,40,16,demo_store,2026-09-28,DEMO synthetic
P075,JP,medium,1500,JPY,4.3,87,6,demo_store,2026-09-28,DEMO synthetic
P075,CN,medium,72.0,CNY,4.6,368,13,demo_store,2026-09-28,DEMO synthetic
P076,US,high,32.0,USD,4.0,152,1,demo_store,2026-09-28,DEMO synthetic
P076,CN,medium,273.0,CNY,4.3,712,5,demo_store,2026-09-28,DEMO synthetic
P077,KR,low,22200,KRW,4.5,173,14,demo_store,2026-09-28,DEMO synthetic
P077,JP,high,1800,JPY,4.6,347,3,demo_store,2026-09-28,DEMO synthetic
P078,KR,low,45500,KRW,4.1,204,5,demo_store,2026-09-28,DEMO synthetic
P078,US,high,26.0,USD,3.9,2453,2,demo_store,2026-09-28,DEMO synthetic
P078,JP,medium,5400,JPY,3.8,22,8,demo_store,2026-09-28,DEMO synthetic
P079,KR,high,69600,KRW,4.6,93,13,demo_store,2026-09-28,DEMO synthetic
P079,US,high,34.0,USD,4.6,96,2,demo_store,2026-09-28,DEMO synthetic
P079,JP,low,7100,JPY,4.7,7,7,demo_store,2026-09-28,DEMO synthetic
P079,CN,high,354.0,CNY,4.0,244,6,demo_store,2026-09-28,DEMO synthetic
P080,KR,high,19000,KRW,4.9,770,2,demo_store,2026-09-28,DEMO synthetic
P080,JP,low,2500,JPY,4.2,135,5,demo_store,2026-09-28,DEMO synthetic
P080,CN,medium,121.0,CNY,3.9,45,15,demo_store,2026-09-28,DEMO synthetic
P081,KR,high,13000,KRW,4.2,1756,3,demo_store,2026-09-28,DEMO synthetic
P081,JP,high,1900,JPY,4.7,119,5,demo_store,2026-09-28,DEMO synthetic
P081,CN,low,84.0,CNY,4.2,345,15,demo_store,2026-09-28,DEMO synthetic
P082,KR,high,16000,KRW,3.7,482,3,demo_store,2026-09-28,DEMO synthetic
P082,US,medium,14.79,USD,4.9,130,8,demo_store,2026-09-28,DEMO synthetic
P082,JP,high,2600,JPY,4.8,95,5,demo_store,2026-09-28,DEMO synthetic
P082,CN,medium,96.0,CNY,4.7,54,5,demo_store,2026-09-28,DEMO synthetic
P083,KR,medium,45700,KRW,4.5,20,10,demo_store,2026-09-28,DEMO synthetic
P083,US,low,30.13,USD,4.1,46,9,demo_store,2026-09-28,DEMO synthetic
P083,JP,high,3300,JPY,3.8,28,2,demo_store,2026-09-28,DEMO synthetic
P083,CN,medium,211.0,CNY,3.8,38,16,demo_store,2026-09-28,DEMO synthetic
P084,KR,high,30000,KRW,3.8,244,2,demo_store,2026-09-28,DEMO synthetic
P084,US,low,33.34,USD,4.3,308,15,demo_store,2026-09-28,DEMO synthetic
P084,JP,low,3800,JPY,4.1,103,12,demo_store,2026-09-28,DEMO synthetic
P084,CN,medium,237.0,CNY,4.2,86,10,demo_store,2026-09-28,DEMO synthetic
P085,KR,medium,65300,KRW,3.8,81,12,demo_store,2026-09-28,DEMO synthetic
P085,US,high,36.0,USD,4.5,1085,3,demo_store,2026-09-28,DEMO synthetic
P085,JP,medium,7900,JPY,3.8,117,15,demo_store,2026-09-28,DEMO synthetic
P086,KR,low,51800,KRW,4.7,24,14,demo_store,2026-09-28,DEMO synthetic
P086,US,high,32.0,USD,4.3,12171,1,demo_store,2026-09-28,DEMO synthetic
P086,JP,medium,5800,JPY,4.6,421,14,demo_store,2026-09-28,DEMO synthetic
P086,CN,medium,304.0,CNY,3.8,126,11,demo_store,2026-09-28,DEMO synthetic
P087,KR,medium,38000,KRW,4.1,17,6,demo_store,2026-09-28,DEMO synthetic
P087,US,medium,25.4,USD,3.7,142,14,demo_store,2026-09-28,DEMO synthetic
P087,JP,medium,3800,JPY,3.8,33,10,demo_store,2026-09-28,DEMO synthetic
P087,CN,high,129.0,CNY,4.6,408,1,demo_store,2026-09-28,DEMO synthetic
P088,KR,medium,22700,KRW,3.7,156,7,demo_store,2026-09-28,DEMO synthetic
P088,US,medium,19.41,USD,4.5,171,9,demo_store,2026-09-28,DEMO synthetic
P088,JP,medium,2100,JPY,3.6,349,5,demo_store,2026-09-28,DEMO synthetic
P088,CN,high,89.0,CNY,4.2,2039,3,demo_store,2026-09-28,DEMO synthetic
P089,KR,low,37700,KRW,4.0,169,13,demo_store,2026-09-28,DEMO synthetic
P089,US,medium,31.14,USD,4.1,23,11,demo_store,2026-09-28,DEMO synthetic
P089,JP,medium,4300,JPY,3.7,23,7,demo_store,2026-09-28,DEMO synthetic
P089,CN,high,169.0,CNY,4.1,169,2,demo_store,2026-09-28,DEMO synthetic
P090,KR,high,26500,KRW,4.6,13,16,demo_store,2026-09-28,DEMO synthetic
P090,JP,low,3100,JPY,3.7,41,5,demo_store,2026-09-28,DEMO synthetic
P090,CN,high,99.0,CNY,3.9,663,1,demo_store,2026-09-28,DEMO synthetic
