product_id,brand,name,name_ko,aliases,category,shade_family,finish,coverage,texture,undertone,oil_control,hydration,blurring,shimmer,brightening,glow,longevity,volume,precision,skin_types,price,currency,country_origin,url,source,labeled_by,notes
P001,Halo Studio,Bake Set Loose Powder,베이크 셋 루스 파우더,bake set|baking powder,loose_powder,,matte,medium,loose_powder,neutral,3,0,3,0,1,0,3,,,oily|combination,38,USD,US,,DEMO fictional product,demo,Reference item for the 'find a Korean alternative' demo
P002,Mulberry Seoul,No-Sebum Blur Powder,노세범 블러 파우더,no sebum,loose_powder,,matte,light,loose_powder,neutral,3,0,2,0,0,0,2,,,oily|combination,9000,KRW,KR,,DEMO fictional product,demo,
P003,Dalbit,Silk Veil Loose Powder,실크 베일 루스 파우더,,loose_powder,,soft_matte,light,loose_powder,neutral,2,1,3,0,1,0,2,,,combination|normal|dry,18000,KRW,KR,,DEMO fictional product,demo,
P004,Onda Beauty,Finishing Pressed Powder,피니싱 프레스드 파우더,,pressed_powder,,soft_matte,medium,pressed_powder,warm,2,1,2,0,1,0,2,,,combination|normal,22000,KRW,KR,,DEMO fictional product,demo,
P005,Halo Studio,Glow Set Powder,글로우 셋 파우더,,loose_powder,,satin,light,loose_powder,neutral,1,1,1,1,2,2,1,,,normal|dry,38,USD,US,,DEMO fictional product,demo,
P006,Pure Ridge,Mattify Pressed Powder,매티파이 프레스드 파우더,,pressed_powder,,matte,medium,pressed_powder,neutral,3,0,2,0,0,0,3,,,oily,14,USD,US,,DEMO fictional product,demo,
P007,Sakura Lab,Pore Blur Sheer Powder,포어 블러 시어 파우더,ポアブラーパウダー,loose_powder,,matte,sheer,loose_powder,neutral,3,0,3,0,1,0,2,,,oily|combination,1650,JPY,JP,,DEMO fictional product,demo,
P008,Dalbit,Baking Tone-up Loose Powder,베이킹 톤업 루스 파우더,,loose_powder,,matte,medium,loose_powder,cool,3,0,3,0,2,0,3,,,oily|combination,21000,KRW,KR,,DEMO fictional product,demo,Closest demo match to P001 by design
P009,Mulberry Seoul,Glass Glow Cushion,글래스 글로우 쿠션,,cushion,,dewy,light,cushion,neutral,0,3,1,0,2,3,1,,,dry|normal,28000,KRW,KR,,DEMO fictional product,demo,
P010,Onda Beauty,Cover Fit Matte Cushion,커버 핏 매트 쿠션,,cushion,,matte,full,cushion,neutral,3,1,2,0,1,0,3,,,oily|combination,32000,KRW,KR,,DEMO fictional product,demo,
P011,Halo Studio,Soft Focus Foundation,소프트 포커스 파운데이션,,foundation,,soft_matte,medium,liquid,neutral,2,1,3,0,1,0,3,,,combination|oily,42,USD,US,,DEMO fictional product,demo,
P012,Pure Ridge,Dew Skin Tint,듀 스킨 틴트,,foundation,,dewy,sheer,liquid,neutral,0,3,0,0,1,3,1,,,dry|normal,24,USD,US,,DEMO fictional product,demo,
P013,Dalbit,Long-Wear Serum Foundation,롱웨어 세럼 파운데이션,,foundation,,satin,medium,liquid,warm,1,2,2,0,1,1,3,,,normal|combination|dry,39000,KRW,KR,,DEMO fictional product,demo,
P014,Sakura Lab,Airy Cushion,에어리 쿠션,,cushion,,satin,light,cushion,neutral,1,2,1,0,1,2,2,,,normal|combination,2860,JPY,JP,,DEMO fictional product,demo,
P015,Halo Studio,Brighten Concealer,브라이튼 컨실러,,concealer,,satin,full,liquid,neutral,1,1,1,0,3,1,3,,,all,30,USD,US,,DEMO fictional product,demo,
P016,Mulberry Seoul,Tip Concealer Bright,팁 컨실러 브라이트,,concealer,,soft_matte,medium,liquid,cool,2,1,1,0,2,0,3,,,oily|combination|normal,8000,KRW,KR,,DEMO fictional product,demo,
P017,Dalbit,Under-Eye Glow Concealer,언더아이 글로우 컨실러,,concealer,,dewy,light,cream,neutral,0,2,1,1,3,2,1,,,dry|normal,16000,KRW,KR,,DEMO fictional product,demo,
P018,Pure Ridge,Pore Eraser Primer,포어 이레이저 프라이머,,primer,,matte,sheer,gel,neutral,2,0,3,0,0,0,2,,,oily|combination,32,USD,US,,DEMO fictional product,demo,
P019,Onda Beauty,Blur Base Primer,블러 베이스 프라이머,,primer,,soft_matte,sheer,cream,neutral,2,1,3,0,1,0,2,,,combination|normal,17000,KRW,KR,,DEMO fictional product,demo,
P020,Mulberry Seoul,Glow Prep Primer,글로우 프렙 프라이머,,primer,,dewy,sheer,liquid,neutral,0,3,0,1,1,3,1,,,dry,15000,KRW,KR,,DEMO fictional product,demo,
P021,Halo Studio,Lock-In Setting Spray,락인 세팅 스프레이,,setting_spray,,matte,sheer,water,neutral,2,1,0,0,0,0,3,,,oily|combination,33,USD,US,,DEMO fictional product,demo,
P022,Onda Beauty,Fixer Mist,픽서 미스트,,setting_spray,,satin,sheer,water,neutral,1,2,0,0,0,1,2,,,all,13000,KRW,KR,,DEMO fictional product,demo,
P023,Halo Studio,Cheek Pop Powder Blush Rose,치크 팝 블러셔 로즈,,blush,rose,satin,light,pressed_powder,cool,0,0,0,1,1,1,2,,,all,29,USD,US,,DEMO fictional product,demo,
P024,Mulberry Seoul,Air Blush Coral,에어 블러셔 코랄,,blush,coral,soft_matte,sheer,pressed_powder,warm,0,0,1,0,0,0,2,,,all,10000,KRW,KR,,DEMO fictional product,demo,
P025,Dalbit,Water Blush Pink,워터 블러셔 핑크,,blush,pink,dewy,sheer,liquid,cool,0,1,0,0,1,2,2,,,all,12000,KRW,KR,,DEMO fictional product,demo,
P026,Sakura Lab,Cream Cheek Rose,크림 치크 로즈,,blush,rose,satin,light,cream,neutral,0,1,0,0,0,1,1,,,normal|dry,1320,JPY,JP,,DEMO fictional product,demo,
P027,Pure Ridge,Liquid Blush Coral,리퀴드 블러셔 코랄,,blush,coral,dewy,medium,liquid,warm,0,1,0,1,1,2,3,,,all,23,USD,US,,DEMO fictional product,demo,
P028,Halo Studio,Pearl Beam Highlighter,펄 빔 하이라이터,,highlighter,champagne,dewy,light,pressed_powder,warm,0,0,0,3,3,3,2,,,all,38,USD,US,,DEMO fictional product,demo,
P029,Mulberry Seoul,Fine Pearl Highlighter,파인 펄 하이라이터,,highlighter,champagne,satin,sheer,pressed_powder,neutral,0,0,0,2,3,2,2,,,all,12000,KRW,KR,,DEMO fictional product,demo,
P030,Sakura Lab,Moon Glow Stick,문 글로우 스틱,,highlighter,pink,dewy,sheer,stick,cool,0,1,0,2,2,3,1,,,all,1650,JPY,JP,,DEMO fictional product,demo,
P031,Dalbit,Aegyo Glitter Liquid Shadow,애교 글리터 리퀴드 섀도우,aegyo glitter,eyeshadow,champagne,glossy,sheer,liquid,neutral,0,0,0,3,2,2,2,,,all,11000,KRW,KR,,DEMO fictional product,demo,
P032,Mulberry Seoul,Under-Eye Pearl Shadow,언더아이 펄 섀도우,,eyeshadow,pink,satin,sheer,pressed_powder,cool,0,0,0,2,3,1,2,,,all,9000,KRW,KR,,DEMO fictional product,demo,
P033,Halo Studio,Nude Matte Palette,누드 매트 팔레트,,eyeshadow,brown,matte,medium,pressed_powder,warm,0,0,0,0,0,0,2,,,all,65,USD,US,,DEMO fictional product,demo,
P034,Onda Beauty,Cream Shimmer Shadow,크림 쉬머 섀도우,,eyeshadow,gold,satin,light,cream,warm,0,0,0,2,2,1,3,,,all,14000,KRW,KR,,DEMO fictional product,demo,
P035,Mulberry Seoul,Juicy Water Tint Rose,쥬시 워터 틴트 로즈,,lip_tint,rose,glossy,light,liquid,cool,0,2,0,0,0,2,2,,,all,11000,KRW,KR,,DEMO fictional product,demo,
P036,Dalbit,Velvet Blur Tint Nude,벨벳 블러 틴트 누드,,lip_tint,nude,matte,medium,liquid,warm,0,0,1,0,0,0,3,,,all,13000,KRW,KR,,DEMO fictional product,demo,
P037,Halo Studio,Liquid Matte Lipstick Mauve,리퀴드 매트 립스틱 모브,,lipstick,rose,matte,full,liquid,neutral,0,0,0,0,0,0,3,,,all,22,USD,US,,DEMO fictional product,demo,
P038,Pure Ridge,Satin Bullet Lipstick Nude Brown,새틴 립스틱 누드 브라운,,lipstick,brown,satin,medium,stick,warm,0,1,0,0,0,1,2,,,all,19,USD,US,,DEMO fictional product,demo,
P039,Onda Beauty,Glass Gloss Clear,글래스 글로스 클리어,,lip_gloss,clear,glossy,sheer,liquid,neutral,0,2,0,1,0,3,1,,,all,12000,KRW,KR,,DEMO fictional product,demo,
P040,Sakura Lab,Tinted Lip Balm Coral,틴티드 립밤 코랄,,lip_balm,coral,dewy,sheer,balm,warm,0,3,0,0,0,1,1,,,all,990,JPY,JP,,DEMO fictional product,demo,
P041,Halo Studio,Red Velvet Lipstick,레드 벨벳 립스틱,,lipstick,red,matte,full,stick,cool,0,0,0,0,0,0,3,,,all,28,USD,US,,DEMO fictional product,demo,
P042,Mulberry Seoul,Rice Glow Toner,라이스 글로우 토너,,toner,,dewy,,water,,0,2,0,0,1,1,,,,all,18000,KRW,KR,,DEMO fictional product,demo,
P043,Dalbit,Hyaluronic Glass Serum,히알루로닉 글래스 세럼,,serum,,dewy,,gel,,0,3,0,0,1,3,,,,dry|normal,25000,KRW,KR,,DEMO fictional product,demo,
P044,Pure Ridge,Oil-Free Gel Moisturizer,오일프리 젤 모이스처라이저,,moisturizer,,soft_matte,,gel,,2,2,1,0,0,0,,,,oily|combination,26,USD,US,,DEMO fictional product,demo,
P045,Onda Beauty,Barrier Cream,배리어 크림,,moisturizer,,satin,,cream,,0,3,0,0,0,1,,,,dry|sensitive,24000,KRW,KR,,DEMO fictional product,demo,
P046,Sakura Lab,Milky Sunscreen SPF50,밀키 선크림 SPF50,,sunscreen,,satin,,liquid,,1,2,0,0,1,1,3,,,all,1980,JPY,JP,,DEMO fictional product,demo,
P047,Mulberry Seoul,Tone-up Sun Cream,톤업 선크림,,sunscreen,,dewy,sheer,cream,,0,2,0,0,2,2,2,,,dry|normal,17000,KRW,KR,,DEMO fictional product,demo,
P048,Halo Studio,Glow Drops Serum,글로우 드롭스 세럼,,serum,,dewy,,liquid,,0,2,0,2,2,3,,,,all,36,USD,US,,DEMO fictional product,demo,
P049,Dalbit,Lash Lift Volume Mascara,래쉬 리프트 볼륨 마스카라,,mascara,,,,liquid,,0,0,0,0,0,0,3,3,1,all,14000,KRW,KR,,DEMO fictional product,demo,
P050,Halo Studio,Mega Lash Mascara,메가 래쉬 마스카라,,mascara,,,,liquid,,0,0,0,0,0,0,2,3,1,all,28,USD,US,,DEMO fictional product,demo,
P051,Sakura Lab,Curl Keep Mascara,컬 킵 마스카라,,mascara,,,,liquid,,0,0,0,0,0,0,3,1,2,all,1540,JPY,JP,,DEMO fictional product,demo,
P052,Mulberry Seoul,Fiber Long Mascara,파이버 롱 마스카라,,mascara,,,,liquid,,0,0,0,0,0,0,2,2,2,all,12000,KRW,KR,,DEMO fictional product,demo,
P053,Mulberry Seoul,Slim Brush Liner,슬림 브러시 라이너,,eyeliner,brown,matte,,liquid,,0,0,0,0,0,0,3,0,3,all,9000,KRW,KR,,DEMO fictional product,demo,
P054,Pure Ridge,Gel Pencil Liner,젤 펜슬 라이너,,eyeliner,brown,satin,,pencil,,0,0,0,0,0,0,2,0,2,all,14,USD,US,,DEMO fictional product,demo,
P055,Sakura Lab,Superfine Liquid Liner,슈퍼파인 리퀴드 라이너,,eyeliner,brown,matte,,liquid,,0,0,0,0,0,0,3,0,3,all,1430,JPY,JP,,DEMO fictional product,demo,
P056,Dalbit,Skinny Brow Pencil,스키니 브로우 펜슬,,brow,brown,soft_matte,,pencil,,0,0,0,0,0,0,2,0,3,all,8000,KRW,KR,,DEMO fictional product,demo,
P057,Halo Studio,Brow Pomade,브로우 포마드,,brow,brown,soft_matte,,cream,,0,0,0,0,0,0,3,1,2,all,24,USD,US,,DEMO fictional product,demo,
P058,Onda Beauty,Brow Tint Gel,브로우 틴트 젤,,brow,brown,satin,,gel,,0,0,0,0,0,0,2,2,1,all,11000,KRW,KR,,DEMO fictional product,demo,
P059,Onda Beauty,Daily Mood Palette,데일리 무드 팔레트,,eyeshadow,brown,satin,medium,pressed_powder,warm,0,0,0,1,1,0,2,0,0,all,22000,KRW,KR,,DEMO fictional product,demo,
P060,Sakura Lab,Sheer Pearl Shadow,시어 펄 섀도우,,eyeshadow,pink,satin,sheer,pressed_powder,cool,0,0,0,2,2,1,2,0,0,all,990,JPY,JP,,DEMO fictional product,demo,
P061,Mulberry Seoul,Velvet Lipstick Rose,벨벳 립스틱 로즈,,lipstick,rose,matte,full,stick,cool,0,1,0,0,0,0,3,0,0,all,15000,KRW,KR,,DEMO fictional product,demo,
P062,Sakura Lab,Moist Rouge Coral,모이스트 루주 코랄,,lipstick,coral,satin,medium,stick,warm,0,2,0,0,0,1,2,0,0,all,1650,JPY,JP,,DEMO fictional product,demo,
P063,Onda Beauty,Glow Tint Berry,글로우 틴트 베리,,lip_tint,berry,glossy,light,liquid,cool,0,2,0,0,0,3,2,0,0,all,12000,KRW,KR,,DEMO fictional product,demo,
P064,Pure Ridge,Stain Tint Red,스테인 틴트 레드,,lip_tint,red,matte,medium,liquid,cool,0,0,0,0,0,0,3,0,0,all,16,USD,US,,DEMO fictional product,demo,
P065,Halo Studio,Lip Plump Maximizer,립 플럼프 맥시마이저,,lip_plumper,clear,glossy,sheer,liquid,,0,2,0,0,0,3,1,3,0,all,30,USD,US,,DEMO fictional product,demo,
P066,Dalbit,Tingle Lip Maximizer,팅글 립 맥시마이저,,lip_plumper,pink,glossy,sheer,liquid,cool,0,2,0,1,0,2,1,2,0,all,14000,KRW,KR,,DEMO fictional product,demo,
P067,Sakura Lab,Plump Lip Serum,플럼프 립 세럼,,lip_plumper,clear,dewy,sheer,liquid,,0,3,0,0,0,1,1,2,0,all,1320,JPY,JP,,DEMO fictional product,demo,
P068,Mulberry Seoul,Soft Lip Pencil Nude,소프트 립 펜슬 누드,,lip_liner,nude,matte,medium,pencil,warm,0,0,0,0,0,0,2,0,3,all,8000,KRW,KR,,DEMO fictional product,demo,
P069,Halo Studio,Precision Lip Liner Rose,프리시전 립 라이너 로즈,,lip_liner,rose,matte,full,pencil,neutral,0,0,0,0,0,0,3,0,3,all,22,USD,US,,DEMO fictional product,demo,
P070,Onda Beauty,Creamy Lip Pencil Brown,크리미 립 펜슬 브라운,,lip_liner,brown,satin,medium,pencil,warm,0,1,0,0,0,0,2,0,2,all,9000,KRW,KR,,DEMO fictional product,demo,
P071,Dalbit,Glaze Gloss Pink,글레이즈 글로스 핑크,,lip_gloss,pink,glossy,sheer,liquid,cool,0,2,0,1,0,3,1,1,0,all,12000,KRW,KR,,DEMO fictional product,demo,
P072,Pure Ridge,Shine Gloss Nude,샤인 글로스 누드,,lip_gloss,nude,glossy,light,liquid,warm,0,1,0,0,0,3,1,0,0,all,18,USD,US,,DEMO fictional product,demo,
P073,Mulberry Seoul,Honey Lip Balm,허니 립밤,,lip_balm,clear,dewy,sheer,balm,,0,3,0,0,0,1,1,0,0,all,7000,KRW,KR,,DEMO fictional product,demo,
P074,Halo Studio,Tinted Balm Rose,틴티드 밤 로즈,,lip_balm,rose,dewy,sheer,balm,cool,0,3,0,0,0,1,1,0,0,all,24,USD,US,,DEMO fictional product,demo,
P075,Mulberry Seoul,Shading Powder Cool Brown,쉐딩 파우더 쿨브라운,,contour,brown,matte,light,pressed_powder,cool,0,0,1,0,0,0,2,0,1,all,11000,KRW,KR,,DEMO fictional product,demo,
P076,Halo Studio,Sculpt Contour Stick,스컬프트 컨투어 스틱,,contour,brown,matte,medium,stick,neutral,0,0,0,0,0,0,3,0,2,all,32,USD,US,,DEMO fictional product,demo,
P077,Sakura Lab,Soft Shading Duo,소프트 쉐딩 듀오,,contour,brown,soft_matte,sheer,pressed_powder,neutral,0,0,2,0,0,0,2,0,1,all,1760,JPY,JP,,DEMO fictional product,demo,
P078,Pure Ridge,Sunkissed Bronzer,선키스드 브론저,,bronzer,gold,satin,light,pressed_powder,warm,0,0,0,1,0,1,2,0,0,all,26,USD,US,,DEMO fictional product,demo,
P079,Halo Studio,Matte Bronzer,매트 브론저,,bronzer,brown,soft_matte,light,pressed_powder,warm,0,0,1,0,0,0,2,0,0,all,34,USD,US,,DEMO fictional product,demo,
P080,Onda Beauty,Cream Bronzer,크림 브론저,,bronzer,brown,dewy,light,cream,warm,0,1,0,0,0,2,2,0,0,all,19000,KRW,KR,,DEMO fictional product,demo,
P081,Onda Beauty,Blur Blush Berry,블러 블러셔 베리,,blush,berry,soft_matte,light,pressed_powder,cool,0,0,2,0,0,0,2,0,0,all,13000,KRW,KR,,DEMO fictional product,demo,
P082,Dalbit,Liquid Highlighter Drops,리퀴드 하이라이터 드롭,,highlighter,champagne,dewy,sheer,liquid,neutral,0,1,0,2,2,3,2,0,0,all,16000,KRW,KR,,DEMO fictional product,demo,
P083,Sakura Lab,Full Cover Foundation,풀커버 파운데이션,,foundation,,matte,full,liquid,neutral,2,0,2,0,0,0,3,0,0,oily|combination,3300,JPY,JP,,DEMO fictional product,demo,
P084,Mulberry Seoul,Cover Cushion Spot,커버 쿠션 스팟,,cushion,,soft_matte,full,cushion,neutral,1,1,2,0,1,0,3,0,0,combination|normal|oily,30000,KRW,KR,,DEMO fictional product,demo,
P085,Pure Ridge,Natural Skin Foundation,내추럴 스킨 파운데이션,,foundation,,satin,light,liquid,neutral,0,2,1,0,1,1,2,0,0,normal|dry|combination,36,USD,US,,DEMO fictional product,demo,
P086,Halo Studio,Full Cover Concealer,풀커버 컨실러,,concealer,,matte,full,liquid,neutral,1,0,1,0,1,0,3,0,1,all,32,USD,US,,DEMO fictional product,demo,
P087,Yunshan Beauty,Silk Matte Cushion,실크 매트 쿠션,,cushion,,matte,medium,cushion,neutral,3,0,2,0,0,0,3,0,0,oily|combination,129,CNY,CN,,DEMO fictional product,demo,
P088,Yunshan Beauty,Velvet Lip Mud Berry,벨벳 립 머드 베리,,lip_tint,berry,matte,medium,cream,cool,0,1,1,0,0,0,3,0,0,all,89,CNY,CN,,DEMO fictional product,demo,
P089,Yunshan Beauty,Carved Eyeshadow Palette,카브드 아이섀도우 팔레트,,eyeshadow,brown,satin,medium,pressed_powder,warm,0,0,0,2,1,1,2,0,0,all,169,CNY,CN,,DEMO fictional product,demo,
P090,Yunshan Beauty,Airy Setting Powder,에어리 세팅 파우더,,loose_powder,,matte,light,loose_powder,neutral,3,0,2,0,0,0,2,0,0,oily|combination,99,CNY,CN,,DEMO fictional product,demo,
