market,chart,date,rank,product_id,source
KR,demo_overall,2026-09-21,1,P026,DEMO synthetic
KR,demo_overall,2026-09-21,2,P001,DEMO synthetic
KR,demo_overall,2026-09-21,3,P082,DEMO synthetic
KR,demo_overall,2026-09-21,4,P032,DEMO synthetic
KR,demo_overall,2026-09-21,5,P075,DEMO synthetic
KR,demo_overall,2026-09-21,6,P065,DEMO synthetic
KR,demo_overall,2026-09-21,7,P022,DEMO synthetic
KR,demo_overall,2026-09-21,8,P008,DEMO synthetic
KR,demo_overall,2026-09-21,9,P059,DEMO synthetic
KR,demo_overall,2026-09-21,10,P070,DEMO synthetic
KR,demo_overall,2026-09-21,11,P054,DEMO synthetic
KR,demo_overall,2026-09-21,12,P029,DEMO synthetic
KR,demo_overall,2026-09-21,13,P056,DEMO synthetic
KR,demo_overall,2026-09-21,14,P004,DEMO synthetic
KR,demo_overall,2026-09-21,15,P038,DEMO synthetic
KR,demo_overall,2026-09-21,16,P084,DEMO synthetic
KR,demo_overall,2026-09-21,17,P018,DEMO synthetic
KR,demo_overall,2026-09-21,18,P036,DEMO synthetic
KR,demo_overall,2026-09-21,19,P043,DEMO synthetic
KR,demo_overall,2026-09-21,20,P044,DEMO synthetic
KR,demo_overall,2026-09-21,21,P034,DEMO synthetic
KR,demo_overall,2026-09-21,22,P037,DEMO synthetic
KR,demo_overall,2026-09-21,23,P009,DEMO synthetic
KR,demo_overall,2026-09-21,24,P003,DEMO synthetic
KR,demo_overall,2026-09-21,25,P053,DEMO synthetic
KR,demo_overall,2026-09-21,26,P050,DEMO synthetic
KR,demo_overall,2026-09-21,27,P035,DEMO synthetic
KR,demo_overall,2026-09-21,28,P052,DEMO synthetic
KR,demo_overall,2026-09-21,29,P006,DEMO synthetic
KR,demo_overall,2026-09-21,30,P078,DEMO synthetic
KR,demo_overall,2026-09-28,1,P037,DEMO synthetic
KR,demo_overall,2026-09-28,2,P026,DEMO synthetic
KR,demo_overall,2026-09-28,3,P003,DEMO synthetic
KR,demo_overall,2026-09-28,4,P001,DEMO synthetic
KR,demo_overall,2026-09-28,5,P082,DEMO synthetic
KR,demo_overall,2026-09-28,6,P065,DEMO synthetic
KR,demo_overall,2026-09-28,7,P034,DEMO synthetic
KR,demo_overall,2026-09-28,8,P032,DEMO synthetic
KR,demo_overall,2026-09-28,9,P075,DEMO synthetic
KR,demo_overall,2026-09-28,10,P022,DEMO synthetic
KR,demo_overall,2026-09-28,11,P008,DEMO synthetic
KR,demo_overall,2026-09-28,12,P007,DEMO synthetic
KR,demo_overall,2026-09-28,13,P070,DEMO synthetic
KR,demo_overall,2026-09-28,14,P059,DEMO synthetic
KR,demo_overall,2026-09-28,15,P056,DEMO synthetic
KR,demo_overall,2026-09-28,16,P054,DEMO synthetic
KR,demo_overall,2026-09-28,17,P004,DEMO synthetic
KR,demo_overall,2026-09-28,18,P029,DEMO synthetic
KR,demo_overall,2026-09-28,19,P084,DEMO synthetic
KR,demo_overall,2026-09-28,20,P038,DEMO synthetic
KR,demo_overall,2026-09-28,21,P036,DEMO synthetic
KR,demo_overall,2026-09-28,22,P018,DEMO synthetic
KR,demo_overall,2026-09-28,23,P043,DEMO synthetic
KR,demo_overall,2026-09-28,24,P002,DEMO synthetic
KR,demo_overall,2026-09-28,25,P044,DEMO synthetic
KR,demo_overall,2026-09-28,26,P009,DEMO synthetic
KR,demo_overall,2026-09-28,27,P053,DEMO synthetic
KR,demo_overall,2026-09-28,28,P050,DEMO synthetic
KR,demo_overall,2026-09-28,29,P035,DEMO synthetic
KR,demo_overall,2026-09-28,30,P052,DEMO synthetic
US,demo_overall,2026-09-21,1,P047,DEMO synthetic
US,demo_overall,2026-09-21,2,P036,DEMO synthetic
US,demo_overall,2026-09-21,3,P061,DEMO synthetic
US,demo_overall,2026-09-21,4,P020,DEMO synthetic
US,demo_overall,2026-09-21,5,P083,DEMO synthetic
US,demo_overall,2026-09-21,6,P028,DEMO synthetic
US,demo_overall,2026-09-21,7,P033,DEMO synthetic
US,demo_overall,2026-09-21,8,P079,DEMO synthetic
US,demo_overall,2026-09-21,9,P021,DEMO synthetic
US,demo_overall,2026-09-21,10,P072,DEMO synthetic
US,demo_overall,2026-09-21,11,P088,DEMO synthetic
US,demo_overall,2026-09-21,12,P082,DEMO synthetic
US,demo_overall,2026-09-21,13,P070,DEMO synthetic
US,demo_overall,2026-09-21,14,P012,DEMO synthetic
US,demo_overall,2026-09-21,15,P063,DEMO synthetic
US,demo_overall,2026-09-21,16,P026,DEMO synthetic
US,demo_overall,2026-09-21,17,P068,DEMO synthetic
US,demo_overall,2026-09-21,18,P049,DEMO synthetic
US,demo_overall,2026-09-21,19,P057,DEMO synthetic
US,demo_overall,2026-09-21,20,P066,DEMO synthetic
US,demo_overall,2026-09-21,21,P001,DEMO synthetic
US,demo_overall,2026-09-21,22,P067,DEMO synthetic
US,demo_overall,2026-09-21,23,P060,DEMO synthetic
US,demo_overall,2026-09-21,24,P023,DEMO synthetic
US,demo_overall,2026-09-21,25,P037,DEMO synthetic
US,demo_overall,2026-09-21,26,P052,DEMO synthetic
US,demo_overall,2026-09-21,27,P086,DEMO synthetic
US,demo_overall,2026-09-21,28,P059,DEMO synthetic
US,demo_overall,2026-09-21,29,P042,DEMO synthetic
US,demo_overall,2026-09-21,30,P005,DEMO synthetic
US,demo_overall,2026-09-28,1,P066,DEMO synthetic
US,demo_overall,2026-09-28,2,P060,DEMO synthetic
US,demo_overall,2026-09-28,3,P047,DEMO synthetic
US,demo_overall,2026-09-28,4,P036,DEMO synthetic
US,demo_overall,2026-09-28,5,P061,DEMO synthetic
US,demo_overall,2026-09-28,6,P020,DEMO synthetic
US,demo_overall,2026-09-28,7,P067,DEMO synthetic
US,demo_overall,2026-09-28,8,P028,DEMO synthetic
US,demo_overall,2026-09-28,9,P083,DEMO synthetic
US,demo_overall,2026-09-28,10,P079,DEMO synthetic
US,demo_overall,2026-09-28,11,P033,DEMO synthetic
US,demo_overall,2026-09-28,12,P003,DEMO synthetic
US,demo_overall,2026-09-28,13,P072,DEMO synthetic
US,demo_overall,2026-09-28,14,P021,DEMO synthetic
US,demo_overall,2026-09-28,15,P088,DEMO synthetic
US,demo_overall,2026-09-28,16,P082,DEMO synthetic
US,demo_overall,2026-09-28,17,P070,DEMO synthetic
US,demo_overall,2026-09-28,18,P012,DEMO synthetic
US,demo_overall,2026-09-28,19,P063,DEMO synthetic
US,demo_overall,2026-09-28,20,P026,DEMO synthetic
US,demo_overall,2026-09-28,21,P049,DEMO synthetic
US,demo_overall,2026-09-28,22,P002,DEMO synthetic
US,demo_overall,2026-09-28,23,P001,DEMO synthetic
US,demo_overall,2026-09-28,24,P068,DEMO synthetic
US,demo_overall,2026-09-28,25,P057,DEMO synthetic
US,demo_overall,2026-09-28,26,P037,DEMO synthetic
US,demo_overall,2026-09-28,27,P052,DEMO synthetic
US,demo_overall,2026-09-28,28,P023,DEMO synthetic
US,demo_overall,2026-09-28,29,P086,DEMO synthetic
US,demo_overall,2026-09-28,30,P059,DEMO synthetic
JP,demo_overall,2026-09-21,1,P054,DEMO synthetic
JP,demo_overall,2026-09-21,2,P086,DEMO synthetic
JP,demo_overall,2026-09-21,3,P046,DEMO synthetic
JP,demo_overall,2026-09-21,4,P090,DEMO synthetic
JP,demo_overall,2026-09-21,5,P084,DEMO synthetic
JP,demo_overall,2026-09-21,6,P079,DEMO synthetic
JP,demo_overall,2026-09-21,7,P020,DEMO synthetic
JP,demo_overall,2026-09-21,8,P073,DEMO synthetic
JP,demo_overall,2026-09-21,9,P051,DEMO synthetic
JP,demo_overall,2026-09-21,10,P033,DEMO synthetic
JP,demo_overall,2026-09-21,11,P030,DEMO synthetic
JP,demo_overall,2026-09-21,12,P017,DEMO synthetic
JP,demo_overall,2026-09-21,13,P014,DEMO synthetic
JP,demo_overall,2026-09-21,14,P059,DEMO synthetic
JP,demo_overall,2026-09-21,15,P012,DEMO synthetic
JP,demo_overall,2026-09-21,16,P055,DEMO synthetic
JP,demo_overall,2026-09-21,17,P078,DEMO synthetic
JP,demo_overall,2026-09-21,18,P072,DEMO synthetic
JP,demo_overall,2026-09-21,19,P081,DEMO synthetic
JP,demo_overall,2026-09-21,20,P001,DEMO synthetic
JP,demo_overall,2026-09-21,21,P088,DEMO synthetic
JP,demo_overall,2026-09-21,22,P085,DEMO synthetic
JP,demo_overall,2026-09-21,23,P068,DEMO synthetic
JP,demo_overall,2026-09-21,24,P048,DEMO synthetic
JP,demo_overall,2026-09-21,25,P049,DEMO synthetic
JP,demo_overall,2026-09-21,26,P050,DEMO synthetic
JP,demo_overall,2026-09-21,27,P010,DEMO synthetic
JP,demo_overall,2026-09-21,28,P040,DEMO synthetic
JP,demo_overall,2026-09-21,29,P053,DEMO synthetic
JP,demo_overall,2026-09-21,30,P037,DEMO synthetic
JP,demo_overall,2026-09-28,1,P086,DEMO synthetic
JP,demo_overall,2026-09-28,2,P046,DEMO synthetic
JP,demo_overall,2026-09-28,3,P054,DEMO synthetic
JP,demo_overall,2026-09-28,4,P048,DEMO synthetic
JP,demo_overall,2026-09-28,5,P085,DEMO synthetic
JP,demo_overall,2026-09-28,6,P088,DEMO synthetic
JP,demo_overall,2026-09-28,7,P090,DEMO synthetic
JP,demo_overall,2026-09-28,8,P020,DEMO synthetic
JP,demo_overall,2026-09-28,9,P084,DEMO synthetic
JP,demo_overall,2026-09-28,10,P079,DEMO synthetic
JP,demo_overall,2026-09-28,11,P073,DEMO synthetic
JP,demo_overall,2026-09-28,12,P051,DEMO synthetic
JP,demo_overall,2026-09-28,13,P033,DEMO synthetic
JP,demo_overall,2026-09-28,14,P030,DEMO synthetic
JP,demo_overall,2026-09-28,15,P059,DEMO synthetic
JP,demo_overall,2026-09-28,16,P017,DEMO synthetic
JP,demo_overall,2026-09-28,17,P014,DEMO synthetic
JP,demo_overall,2026-09-28,18,P012,DEMO synthetic
JP,demo_overall,2026-09-28,19,P078,DEMO synthetic
JP,demo_overall,2026-09-28,20,P055,DEMO synthetic
JP,demo_overall,2026-09-28,21,P081,DEMO synthetic
JP,demo_overall,2026-09-28,22,P003,DEMO synthetic
JP,demo_overall,2026-09-28,23,P002,DEMO synthetic
JP,demo_overall,2026-09-28,24,P072,DEMO synthetic
JP,demo_overall,2026-09-28,25,P001,DEMO synthetic
JP,demo_overall,2026-09-28,26,P068,DEMO synthetic
JP,demo_overall,2026-09-28,27,P049,DEMO synthetic
JP,demo_overall,2026-09-28,28,P050,DEMO synthetic
JP,demo_overall,2026-09-28,29,P010,DEMO synthetic
JP,demo_overall,2026-09-28,30,P040,DEMO synthetic
CN,demo_overall,2026-09-21,1,P035,DEMO synthetic
CN,demo_overall,2026-09-21,2,P014,DEMO synthetic
CN,demo_overall,2026-09-21,3,P020,DEMO synthetic
CN,demo_overall,2026-09-21,4,P012,DEMO synthetic
CN,demo_overall,2026-09-21,5,P029,DEMO synthetic
CN,demo_overall,2026-09-21,6,P019,DEMO synthetic
CN,demo_overall,2026-09-21,7,P034,DEMO synthetic
CN,demo_overall,2026-09-21,8,P052,DEMO synthetic
CN,demo_overall,2026-09-21,9,P030,DEMO synthetic
CN,demo_overall,2026-09-21,10,P026,DEMO synthetic
CN,demo_overall,2026-09-21,11,P058,DEMO synthetic
CN,demo_overall,2026-09-21,12,P011,DEMO synthetic
CN,demo_overall,2026-09-21,13,P070,DEMO synthetic
CN,demo_overall,2026-09-21,14,P067,DEMO synthetic
CN,demo_overall,2026-09-21,15,P002,DEMO synthetic
CN,demo_overall,2026-09-21,16,P090,DEMO synthetic
CN,demo_overall,2026-09-21,17,P065,DEMO synthetic
CN,demo_overall,2026-09-21,18,P071,DEMO synthetic
CN,demo_overall,2026-09-21,19,P037,DEMO synthetic
CN,demo_overall,2026-09-21,20,P043,DEMO synthetic
CN,demo_overall,2026-09-21,21,P046,DEMO synthetic
CN,demo_overall,2026-09-21,22,P063,DEMO synthetic
CN,demo_overall,2026-09-21,23,P081,DEMO synthetic
CN,demo_overall,2026-09-21,24,P010,DEMO synthetic
CN,demo_overall,2026-09-21,25,P074,DEMO synthetic
CN,demo_overall,2026-09-21,26,P055,DEMO synthetic
CN,demo_overall,2026-09-21,27,P025,DEMO synthetic
CN,demo_overall,2026-09-21,28,P080,DEMO synthetic
CN,demo_overall,2026-09-21,29,P064,DEMO synthetic
CN,demo_overall,2026-09-21,30,P087,DEMO synthetic
CN,demo_overall,2026-09-28,1,P014,DEMO synthetic
CN,demo_overall,2026-09-28,2,P046,DEMO synthetic
CN,demo_overall,2026-09-28,3,P063,DEMO synthetic
CN,demo_overall,2026-09-28,4,P035,DEMO synthetic
CN,demo_overall,2026-09-28,5,P081,DEMO synthetic
CN,demo_overall,2026-09-28,6,P020,DEMO synthetic
CN,demo_overall,2026-09-28,7,P012,DEMO synthetic
CN,demo_overall,2026-09-28,8,P029,DEMO synthetic
CN,demo_overall,2026-09-28,9,P034,DEMO synthetic
CN,demo_overall,2026-09-28,10,P019,DEMO synthetic
CN,demo_overall,2026-09-28,11,P052,DEMO synthetic
CN,demo_overall,2026-09-28,12,P005,DEMO synthetic
CN,demo_overall,2026-09-28,13,P026,DEMO synthetic
CN,demo_overall,2026-09-28,14,P030,DEMO synthetic
CN,demo_overall,2026-09-28,15,P058,DEMO synthetic
CN,demo_overall,2026-09-28,16,P004,DEMO synthetic
CN,demo_overall,2026-09-28,17,P011,DEMO synthetic
CN,demo_overall,2026-09-28,18,P067,DEMO synthetic
CN,demo_overall,2026-09-28,19,P070,DEMO synthetic
CN,demo_overall,2026-09-28,20,P090,DEMO synthetic
CN,demo_overall,2026-09-28,21,P002,DEMO synthetic
CN,demo_overall,2026-09-28,22,P065,DEMO synthetic
CN,demo_overall,2026-09-28,23,P071,DEMO synthetic
CN,demo_overall,2026-09-28,24,P037,DEMO synthetic
CN,demo_overall,2026-09-28,25,P043,DEMO synthetic
CN,demo_overall,2026-09-28,26,P010,DEMO synthetic
CN,demo_overall,2026-09-28,27,P055,DEMO synthetic
CN,demo_overall,2026-09-28,28,P074,DEMO synthetic
CN,demo_overall,2026-09-28,29,P025,DEMO synthetic
CN,demo_overall,2026-09-28,30,P064,DEMO synthetic
