brand,brand_ko,color,note
CLIO,클리오,#1f1f24,"illustration colour chosen for this site, not the brand's identity"
HERA,헤라,#2a2a2a,"illustration colour chosen for this site, not the brand's identity"
innisfree,이니스프리,#2f7d4f,"illustration colour chosen for this site, not the brand's identity"
the SAEM,더샘,#6d8a8f,"illustration colour chosen for this site, not the brand's identity"
rom&nd,롬앤,#c7847c,"illustration colour chosen for this site, not the brand's identity"
peripera,페리페라,#e05a86,"illustration colour chosen for this site, not the brand's identity"
LANEIGE,라네즈,#3d6fb6,"illustration colour chosen for this site, not the brand's identity"
dasique,데이지크,#9c7fa6,"illustration colour chosen for this site, not the brand's identity"
3CE,3CE,#b79f8a,"illustration colour chosen for this site, not the brand's identity"
too cool for school,투쿨포스쿨,#e6b54a,"illustration colour chosen for this site, not the brand's identity"
hince,힌스,#8a7563,"illustration colour chosen for this site, not the brand's identity"
Anua,아누아,#8fb27a,"illustration colour chosen for this site, not the brand's identity"
Beauty of Joseon,조선미녀,#b08a5c,"illustration colour chosen for this site, not the brand's identity"
Torriden,토리든,#5aa0c8,"illustration colour chosen for this site, not the brand's identity"
COSRX,코스알엑스,#5a6b7a,"illustration colour chosen for this site, not the brand's identity"
Huda Beauty,후다뷰티,#1b1b1b,"illustration colour chosen for this site, not the brand's identity"
Laura Mercier,로라 메르시에,#c9a57a,"illustration colour chosen for this site, not the brand's identity"
Charlotte Tilbury,샬롯 틸버리,#b3715e,"illustration colour chosen for this site, not the brand's identity"
Fenty Beauty,펜티 뷰티,#3a3a3a,"illustration colour chosen for this site, not the brand's identity"
NARS,나스,#111111,"illustration colour chosen for this site, not the brand's identity"
Urban Decay,어반 디케이,#5b3b75,"illustration colour chosen for this site, not the brand's identity"
Too Faced,투페이스드,#e58fb1,"illustration colour chosen for this site, not the brand's identity"
MAC,맥,#141414,"illustration colour chosen for this site, not the brand's identity"
Summer Fridays,썸머 프라이데이즈,#d8c1a0,"illustration colour chosen for this site, not the brand's identity"
Maybelline New York,메이블린 뉴욕,#d6456a,"illustration colour chosen for this site, not the brand's identity"
Stila,스틸라,#7a6b61,"illustration colour chosen for this site, not the brand's identity"
Anastasia Beverly Hills,아나스타샤 베벌리힐스,#2b2b2b,"illustration colour chosen for this site, not the brand's identity"
Rare Beauty,레어 뷰티,#c98b8b,"illustration colour chosen for this site, not the brand's identity"
Benefit Cosmetics,베네피트,#e0527c,"illustration colour chosen for this site, not the brand's identity"
Glow Recipe,글로우 레시피,#f28b9b,"illustration colour chosen for this site, not the brand's identity"
CANMAKE,캔메이크,#e7859a,"illustration colour chosen for this site, not the brand's identity"
KATE,케이트,#2d2d2d,"illustration colour chosen for this site, not the brand's identity"
heroine make,히로인 메이크,#c24c6a,"illustration colour chosen for this site, not the brand's identity"
MAJOLICA MAJORCA,마조리카 마조르카,#7b4a8c,"illustration colour chosen for this site, not the brand's identity"
CEZANNE,세잔느,#c9a36b,"illustration colour chosen for this site, not the brand's identity"
excel,엑셀,#8a6f5a,"illustration colour chosen for this site, not the brand's identity"
OPERA,오페라,#d86b7a,"illustration colour chosen for this site, not the brand's identity"
Hada Labo,하다라보,#4a7ec2,"illustration colour chosen for this site, not the brand's identity"
Florasis,화서자,#6b3d4b,"illustration colour chosen for this site, not the brand's identity"
Perfect Diary,퍼펙트 다이어리,#8d3a5a,"illustration colour chosen for this site, not the brand's identity"
Judydoll,주디돌,#e08a3c,"illustration colour chosen for this site, not the brand's identity"
Colorkey,컬러키,#d44a5c,"illustration colour chosen for this site, not the brand's identity"
Dior,디올,#2d2a2a,illustration colour chosen for this site
Physicians Formula,피지션스 포뮬러,#3f8f6b,illustration colour chosen for this site
JUNG SAEM MOOL,정샘물,#c9a68a,illustration colour chosen for this site
VDL,브이디엘,#3a3a46,illustration colour chosen for this site
SHISEIDO,시세이도,#c2272d,illustration colour chosen for this site
DECORTÉ,코스메데코르테,#a88b5a,illustration colour chosen for this site
RMK,RMK,#6a6a6a,illustration colour chosen for this site
fwee,퓌,#e6a1b7,illustration colour chosen for this site
La Roche-Posay,라로슈포제,#2e6fb6,illustration colour chosen for this site
WONJUNGYO,원정요,#b58a8a,illustration colour chosen for this site
TIRTIR,티르티르,#b0202e,illustration colour chosen for this site
NYX Professional Makeup,닉스,#111111,illustration colour chosen for this site
e.l.f. Cosmetics,엘프,#1f2a44,illustration colour chosen for this site
tarte,타르트,#5d3f8c,illustration colour chosen for this site
MAOGEPING,마오거핑,#1d1d1d,illustration colour chosen for this site
Caitang,채당,#a45a52,illustration colour chosen for this site
Round Lab,라운드랩,#3f7fa6,illustration colour chosen for this site
Mediheal,메디힐,#2f6f6a,illustration colour chosen for this site
Goodal,구달,#e08a2c,illustration colour chosen for this site
AESTURA,에스트라,#4a6fa5,illustration colour chosen for this site
Dr.G,닥터지,#c0392b,illustration colour chosen for this site
ma:nyo,마녀공장,#4b3b6b,illustration colour chosen for this site
CeraVe,세라비,#2a6fb0,illustration colour chosen for this site
Cetaphil,세타필,#3a7cc0,illustration colour chosen for this site
Drunk Elephant,드렁크 엘리펀트,#d9a400,illustration colour chosen for this site
Paula's Choice,폴라초이스,#2b2b2b,illustration colour chosen for this site
The Ordinary,디오디너리,#555555,illustration colour chosen for this site
Supergoop!,슈퍼굽,#f0a500,illustration colour chosen for this site
EltaMD,엘타엠디,#1f5aa6,illustration colour chosen for this site
Attenir,아테니아,#b07aa1,illustration colour chosen for this site
d program,디프로그램,#6aa5b8,illustration colour chosen for this site
KANEBO,카네보,#8c2d2d,illustration colour chosen for this site
SK-II,에스케이투,#b0202f,illustration colour chosen for this site
CareCera,케어세라,#7aa0c4,illustration colour chosen for this site
ELIXIR,엘릭시르,#c9a227,illustration colour chosen for this site
ANESSA,아네사,#d4a017,illustration colour chosen for this site
LuLuLun,루루룬,#e58fb0,illustration colour chosen for this site
PROYA,프로야,#9b1b30,illustration colour chosen for this site
WINONA,위노나,#2e8b57,illustration colour chosen for this site
CHANDO,자연당,#3d6fb6,illustration colour chosen for this site
Forest Cabin,포레스트 캐빈,#5b7f3a,illustration colour chosen for this site
KANS,한수,#b22234,illustration colour chosen for this site
